Workbook

Sheet Analysis
A1: =pv_only!A1 -> state_long | B1: =pv_only!B1 -> state_short | C1: =pv_only!C1 -> utility | D1: =pv_only!D1 -> building_id | E1: =pv_only!E1 -> latitude | F1: =pv_only!F1 -> longitude | G1: =pv_only!G1 -> year | H1: =pv_only!H1 -> run_type | I1: savings pv only | J1: Savings w batt | L1: Savings Diff no batt | M1: Savings Diff batt | N1: annual_energy | P1: Annual Energy diff
A2: =pv_only!A2 -> alabama | B2: =pv_only!B2 -> AL | C2: =pv_only!C2 -> apc | D2: =pv_only!D2 -> 46496 | E2: =pv_only!E2 -> 33.56 | F2: =pv_only!F2 -> -86.75 | G2: =pv_only!G2 -> 2018 | H2: =pv_only!H2 -> tmy | I2: {=pv_only!I2:I145} -> 823.29277 | J2: {=pv_plus_batt!I2:I145} -> 994.17436 | K2: =J2-I2 -> 170.88159 | N2: 9041.8682
A3: =pv_only!A3 -> alabama | B3: =pv_only!B3 -> AL | C3: =pv_only!C3 -> apc | D3: =pv_only!D3 -> 46496 | E3: =pv_only!E3 -> 33.56 | F3: =pv_only!F3 -> -86.75 | G3: =pv_only!G3 -> 2018 | H3: =pv_only!H3 -> amy | I3: 822.24787 | J3: 978.21772 | K3: =J3-I3 -> 155.96985 | L3: =(I3-I2)/I2 -> -0.0012691723 | M3: =(J3-J2)/J2 -> -0.016050146 | N3: 8621.1306 | P3: =(N3-N2)/N2 -> -0.046532156
A4: =pv_only!A4 -> alabama | B4: =pv_only!B4 -> AL | C4: =pv_only!C4 -> apc | D4: =pv_only!D4 -> 46496 | E4: =pv_only!E4 -> 33.56 | F4: =pv_only!F4 -> -86.75 | G4: =pv_only!G4 -> 2019 | H4: =pv_only!H4 -> tmy | I4: 830.35446 | J4: 998.44839 | K4: =J4-I4 -> 168.09393 | N4: 9041.8682
A5: =pv_only!A5 -> alabama | B5: =pv_only!B5 -> AL | C5: =pv_only!C5 -> apc | D5: =pv_only!D5 -> 46496 | E5: =pv_only!E5 -> 33.56 | F5: =pv_only!F5 -> -86.75 | G5: =pv_only!G5 -> 2019 | H5: =pv_only!H5 -> amy | I5: 844.01502 | J5: 997.14429 | K5: =J5-I5 -> 153.12927 | L5: =(I5-I4)/I4 -> 0.016451478 | M5: =(J5-J4)/J4 -> -0.001306125 | N5: 8716.7444 | P5: =(N5-N4)/N4 -> -0.035957593
A6: =pv_only!A6 -> alabama | B6: =pv_only!B6 -> AL | C6: =pv_only!C6 -> apc | D6: =pv_only!D6 -> 46496 | E6: =pv_only!E6 -> 33.56 | F6: =pv_only!F6 -> -86.75 | G6: =pv_only!G6 -> 2020 | H6: =pv_only!H6 -> tmy | I6: 784.22013 | J6: 979.25769 | K6: =J6-I6 -> 195.03756 | N6: 9041.8682
A7: =pv_only!A7 -> alabama | B7: =pv_only!B7 -> AL | C7: =pv_only!C7 -> apc | D7: =pv_only!D7 -> 46496 | E7: =pv_only!E7 -> 33.56 | F7: =pv_only!F7 -> -86.75 | G7: =pv_only!G7 -> 2020 | H7: =pv_only!H7 -> amy | I7: 786.96201 | J7: 973.85643 | K7: =J7-I7 -> 186.89443 | L7: =(I7-I6)/I6 -> 0.0034963065 | M7: =(J7-J6)/J6 -> -0.0055156665 | N7: 8634.7381 | P7: =(N7-N6)/N6 -> -0.045027216
A8: =pv_only!A8 -> alabama | B8: =pv_only!B8 -> AL | C8: =pv_only!C8 -> apc | D8: =pv_only!D8 -> 46496 | E8: =pv_only!E8 -> 33.56 | F8: =pv_only!F8 -> -86.75 | G8: =pv_only!G8 -> 2021 | H8: =pv_only!H8 -> tmy | I8: 777.19307 | J8: 993.54796 | K8: =J8-I8 -> 216.35489 | N8: 9041.8682
A9: =pv_only!A9 -> alabama | B9: =pv_only!B9 -> AL | C9: =pv_only!C9 -> apc | D9: =pv_only!D9 -> 46496 | E9: =pv_only!E9 -> 33.56 | F9: =pv_only!F9 -> -86.75 | G9: =pv_only!G9 -> 2021 | H9: =pv_only!H9 -> amy | I9: 767.47674 | J9: 980.78652 | K9: =J9-I9 -> 213.30978 | L9: =(I9-I8)/I8 -> -0.012501819 | M9: =(J9-J8)/J8 -> -0.012844315 | N9: 8847.2704 | P9: =(N9-N8)/N8 -> -0.021521865
A10: =pv_only!A10 -> alabama | B10: =pv_only!B10 -> AL | C10: =pv_only!C10 -> apc | D10: =pv_only!D10 -> 46496 | E10: =pv_only!E10 -> 33.56 | F10: =pv_only!F10 -> -86.75 | G10: =pv_only!G10 -> 2022 | H10: =pv_only!H10 -> tmy | I10: 820.24182 | J10: 1009.8847 | K10: =J10-I10 -> 189.6429 | N10: 9041.8682
A11: =pv_only!A11 -> alabama | B11: =pv_only!B11 -> AL | C11: =pv_only!C11 -> apc | D11: =pv_only!D11 -> 46496 | E11: =pv_only!E11 -> 33.56 | F11: =pv_only!F11 -> -86.75 | G11: =pv_only!G11 -> 2022 | H11: =pv_only!H11 -> amy | I11: 870.89925 | J11: 1054.4249 | K11: =J11-I11 -> 183.52567 | L11: =(I11-I10)/I10 -> 0.061759146 | M11: =(J11-J10)/J10 -> 0.044104243 | N11: 9524.5165 | P11: =(N11-N10)/N10 -> 0.053379267
A12: =pv_only!A12 -> alabama | B12: =pv_only!B12 -> AL | C12: =pv_only!C12 -> apc | D12: =pv_only!D12 -> 46496 | E12: =pv_only!E12 -> 33.56 | F12: =pv_only!F12 -> -86.75 | G12: =pv_only!G12 -> 2023 | H12: =pv_only!H12 -> tmy | I12: 810.03416 | J12: 1003.4162 | K12: =J12-I12 -> 193.38207 | N12: 9041.8682
A13: =pv_only!A13 -> alabama | B13: =pv_only!B13 -> AL | C13: =pv_only!C13 -> apc | D13: =pv_only!D13 -> 46496 | E13: =pv_only!E13 -> 33.56 | F13: =pv_only!F13 -> -86.75 | G13: =pv_only!G13 -> 2023 | H13: =pv_only!H13 -> amy | I13: 844.2987 | J13: 1048.876 | K13: =J13-I13 -> 204.57732 | L13: =(I13-I12)/I12 -> 0.042300113 | M13: =(J13-J12)/J12 -> 0.045305008 | N13: 9250.2634 | P13: =(N13-N12)/N12 -> 0.023047802
A14: =pv_only!A14 -> arizona | B14: =pv_only!B14 -> AZ | C14: =pv_only!C14 -> aps | D14: =pv_only!D14 -> 112157 | E14: =pv_only!E14 -> 35.14 | F14: =pv_only!F14 -> -111.67 | G14: =pv_only!G14 -> 2018 | H14: =pv_only!H14 -> tmy | I14: 924.93943 | J14: 1117.027 | K14: =J14-I14 -> 192.08758 | N14: 11330.222
A15: =pv_only!A15 -> arizona | B15: =pv_only!B15 -> AZ | C15: =pv_only!C15 -> aps | D15: =pv_only!D15 -> 112157 | E15: =pv_only!E15 -> 35.14 | F15: =pv_only!F15 -> -111.67 | G15: =pv_only!G15 -> 2018 | H15: =pv_only!H15 -> amy | I15: 932.16998 | J15: 1256.1125 | K15: =J15-I15 -> 323.94248 | L15: =(I15-I14)/I14 -> 0.007817317 | M15: =(J15-J14)/J14 -> 0.12451395 | N15: 11312.076 | P15: =(N15-N14)/N14 -> -0.0016016171
A16: =pv_only!A16 -> arizona | B16: =pv_only!B16 -> AZ | C16: =pv_only!C16 -> aps | D16: =pv_only!D16 -> 112157 | E16: =pv_only!E16 -> 35.14 | F16: =pv_only!F16 -> -111.67 | G16: =pv_only!G16 -> 2019 | H16: =pv_only!H16 -> tmy | I16: 922.69192 | J16: 1187.0812 | K16: =J16-I16 -> 264.38929 | N16: 11330.222
A17: =pv_only!A17 -> arizona | B17: =pv_only!B17 -> AZ | C17: =pv_only!C17 -> aps | D17: =pv_only!D17 -> 112157 | E17: =pv_only!E17 -> 35.14 | F17: =pv_only!F17 -> -111.67 | G17: =pv_only!G17 -> 2019 | H17: =pv_only!H17 -> amy | I17: 929.0352 | J17: 1243.4978 | K17: =J17-I17 -> 314.46265 | L17: =(I17-I16)/I16 -> 0.0068747539 | M17: =(J17-J16)/J16 -> 0.047525508 | N17: 11336.787 | P17: =(N17-N16)/N16 -> 0.00057938209
A18: =pv_only!A18 -> arizona | B18: =pv_only!B18 -> AZ | C18: =pv_only!C18 -> aps | D18: =pv_only!D18 -> 112157 | E18: =pv_only!E18 -> 35.14 | F18: =pv_only!F18 -> -111.67 | G18: =pv_only!G18 -> 2020 | H18: =pv_only!H18 -> tmy | I18: 901.6978 | J18: 1089.0508 | K18: =J18-I18 -> 187.35297 | N18: 11330.222
A19: =pv_only!A19 -> arizona | B19: =pv_only!B19 -> AZ | C19: =pv_only!C19 -> aps | D19: =pv_only!D19 -> 112157 | E19: =pv_only!E19 -> 35.14 | F19: =pv_only!F19 -> -111.67 | G19: =pv_only!G19 -> 2020 | H19: =pv_only!H19 -> amy | I19: 965.44135 | J19: 1257.9989 | K19: =J19-I19 -> 292.55759 | L19: =(I19-I18)/I18 -> 0.070692804 | M19: =(J19-J18)/J18 -> 0.15513342 | N19: 11855.872 | P19: =(N19-N18)/N18 -> 0.046393588
A20: =pv_only!A20 -> arizona | B20: =pv_only!B20 -> AZ | C20: =pv_only!C20 -> aps | D20: =pv_only!D20 -> 112157 | E20: =pv_only!E20 -> 35.14 | F20: =pv_only!F20 -> -111.67 | G20: =pv_only!G20 -> 2021 | H20: =pv_only!H20 -> tmy | I20: 907.62167 | J20: 1202.0926 | K20: =J20-I20 -> 294.47095 | N20: 11330.222
A21: =pv_only!A21 -> arizona | B21: =pv_only!B21 -> AZ | C21: =pv_only!C21 -> aps | D21: =pv_only!D21 -> 112157 | E21: =pv_only!E21 -> 35.14 | F21: =pv_only!F21 -> -111.67 | G21: =pv_only!G21 -> 2021 | H21: =pv_only!H21 -> amy | I21: 940.08774 | J21: 1234.8489 | K21: =J21-I21 -> 294.76119 | L21: =(I21-I20)/I20 -> 0.035770487 | M21: =(J21-J20)/J20 -> 0.027249405 | N21: 11443.475 | P21: =(N21-N20)/N20 -> 0.0099956274
A22: =pv_only!A22 -> arizona | B22: =pv_only!B22 -> AZ | C22: =pv_only!C22 -> aps | D22: =pv_only!D22 -> 112157 | E22: =pv_only!E22 -> 35.14 | F22: =pv_only!F22 -> -111.67 | G22: =pv_only!G22 -> 2022 | H22: =pv_only!H22 -> tmy | I22: 910.24801 | J22: 1162.5621 | K22: =J22-I22 -> 252.31405 | N22: 11330.222
A23: =pv_only!A23 -> arizona | B23: =pv_only!B23 -> AZ | C23: =pv_only!C23 -> aps | D23: =pv_only!D23 -> 112157 | E23: =pv_only!E23 -> 35.14 | F23: =pv_only!F23 -> -111.67 | G23: =pv_only!G23 -> 2022 | H23: =pv_only!H23 -> amy | I23: 933.56028 | J23: 1264.5918 | K23: =J23-I23 -> 331.03156 | L23: =(I23-I22)/I22 -> 0.025610904 | M23: =(J23-J22)/J22 -> 0.087762877 | N23: 11395.422 | P23: =(N23-N22)/N22 -> 0.0057544895
A24: =pv_only!A24 -> arizona | B24: =pv_only!B24 -> AZ | C24: =pv_only!C24 -> aps | D24: =pv_only!D24 -> 112157 | E24: =pv_only!E24 -> 35.14 | F24: =pv_only!F24 -> -111.67 | G24: =pv_only!G24 -> 2023 | H24: =pv_only!H24 -> tmy | I24: 918.90438 | J24: 1129.6572 | K24: =J24-I24 -> 210.75285 | N24: 11330.222
A25: =pv_only!A25 -> arizona | B25: =pv_only!B25 -> AZ | C25: =pv_only!C25 -> aps | D25: =pv_only!D25 -> 112157 | E25: =pv_only!E25 -> 35.14 | F25: =pv_only!F25 -> -111.67 | G25: =pv_only!G25 -> 2023 | H25: =pv_only!H25 -> amy | I25: 940.0629 | J25: 1240.2759 | K25: =J25-I25 -> 300.21303 | L25: =(I25-I24)/I24 -> 0.023025812 | M25: =(J25-J24)/J24 -> 0.097922364 | N25: 11559.838 | P25: =(N25-N24)/N24 -> 0.020265749
A26: =pv_only!A26 -> california | B26: =pv_only!B26 -> CA | C26: =pv_only!C26 -> sdge | D26: =pv_only!D26 -> 111549 | E26: =pv_only!E26 -> 32.87 | F26: =pv_only!F26 -> -117.15 | G26: =pv_only!G26 -> 2018 | H26: =pv_only!H26 -> tmy | I26: 2784.0255 | J26: 3767.4565 | K26: =J26-I26 -> 983.43103 | N26: 11233.731
A27: =pv_only!A27 -> california | B27: =pv_only!B27 -> CA | C27: =pv_only!C27 -> sdge | D27: =pv_only!D27 -> 111549 | E27: =pv_only!E27 -> 32.87 | F27: =pv_only!F27 -> -117.15 | G27: =pv_only!G27 -> 2018 | H27: =pv_only!H27 -> amy | I27: 2839.1139 | J27: 3838.3936 | K27: =J27-I27 -> 999.27966 | L27: =(I27-I26)/I26 -> 0.019787342 | M27: =(J27-J26)/J26 -> 0.018828908 | N27: 11279.392 | P27: =(N27-N26)/N26 -> 0.0040645669
A28: =pv_only!A28 -> california | B28: =pv_only!B28 -> CA | C28: =pv_only!C28 -> sdge | D28: =pv_only!D28 -> 111549 | E28: =pv_only!E28 -> 32.87 | F28: =pv_only!F28 -> -117.15 | G28: =pv_only!G28 -> 2019 | H28: =pv_only!H28 -> tmy | I28: 2685.5703 | J28: 3638.7501 | K28: =J28-I28 -> 953.17989 | N28: 11233.731
A29: =pv_only!A29 -> california | B29: =pv_only!B29 -> CA | C29: =pv_only!C29 -> sdge | D29: =pv_only!D29 -> 111549 | E29: =pv_only!E29 -> 32.87 | F29: =pv_only!F29 -> -117.15 | G29: =pv_only!G29 -> 2019 | H29: =pv_only!H29 -> amy | I29: 2743.1949 | J29: 3743.768 | K29: =J29-I29 -> 1000.5731 | L29: =(I29-I28)/I28 -> 0.02145712 | M29: =(J29-J28)/J28 -> 0.028860971 | N29: 11166.953 | P29: =(N29-N28)/N28 -> -0.0059444365
A30: =pv_only!A30 -> california | B30: =pv_only!B30 -> CA | C30: =pv_only!C30 -> sdge | D30: =pv_only!D30 -> 111549 | E30: =pv_only!E30 -> 32.87 | F30: =pv_only!F30 -> -117.15 | G30: =pv_only!G30 -> 2020 | H30: =pv_only!H30 -> tmy | I30: 2872.3513 | J30: 3810.9385 | K30: =J30-I30 -> 938.58721 | N30: 11233.731
A31: =pv_only!A31 -> california | B31: =pv_only!B31 -> CA | C31: =pv_only!C31 -> sdge | D31: =pv_only!D31 -> 111549 | E31: =pv_only!E31 -> 32.87 | F31: =pv_only!F31 -> -117.15 | G31: =pv_only!G31 -> 2020 | H31: =pv_only!H31 -> amy | I31: 2983.9093 | J31: 3972.2484 | K31: =J31-I31 -> 988.33916 | L31: =(I31-I30)/I30 -> 0.038838559 | M31: =(J31-J30)/J30 -> 0.04232814 | N31: 11558.106 | P31: =(N31-N30)/N30 -> 0.028875019
A32: =pv_only!A32 -> california | B32: =pv_only!B32 -> CA | C32: =pv_only!C32 -> sdge | D32: =pv_only!D32 -> 111549 | E32: =pv_only!E32 -> 32.87 | F32: =pv_only!F32 -> -117.15 | G32: =pv_only!G32 -> 2021 | H32: =pv_only!H32 -> tmy | I32: 2751.509 | J32: 3732.307 | K32: =J32-I32 -> 980.79803 | N32: 11233.731
A33: =pv_only!A33 -> california | B33: =pv_only!B33 -> CA | C33: =pv_only!C33 -> sdge | D33: =pv_only!D33 -> 111549 | E33: =pv_only!E33 -> 32.87 | F33: =pv_only!F33 -> -117.15 | G33: =pv_only!G33 -> 2021 | H33: =pv_only!H33 -> amy | I33: 2807.6311 | J33: 3790.4331 | K33: =J33-I33 -> 982.80198 | L33: =(I33-I32)/I32 -> 0.020396848 | M33: =(J33-J32)/J32 -> 0.015573762 | N33: 11237.143 | P33: =(N33-N32)/N32 -> 0.00030369074
A34: =pv_only!A34 -> california | B34: =pv_only!B34 -> CA | C34: =pv_only!C34 -> sdge | D34: =pv_only!D34 -> 111549 | E34: =pv_only!E34 -> 32.87 | F34: =pv_only!F34 -> -117.15 | G34: =pv_only!G34 -> 2022 | H34: =pv_only!H34 -> tmy | I34: 2906.8232 | J34: 3867.317 | K34: =J34-I34 -> 960.49372 | N34: 11233.731
A35: =pv_only!A35 -> california | B35: =pv_only!B35 -> CA | C35: =pv_only!C35 -> sdge | D35: =pv_only!D35 -> 111549 | E35: =pv_only!E35 -> 32.87 | F35: =pv_only!F35 -> -117.15 | G35: =pv_only!G35 -> 2022 | H35: =pv_only!H35 -> amy | I35: 2980.7392 | J35: 3967.3848 | K35: =J35-I35 -> 986.64565 | L35: =(I35-I34)/I34 -> 0.025428434 | M35: =(J35-J34)/J34 -> 0.025875274 | N35: 11681.258 | P35: =(N35-N34)/N34 -> 0.03983773
A36: =pv_only!A36 -> california | B36: =pv_only!B36 -> CA | C36: =pv_only!C36 -> sdge | D36: =pv_only!D36 -> 111549 | E36: =pv_only!E36 -> 32.87 | F36: =pv_only!F36 -> -117.15 | G36: =pv_only!G36 -> 2023 | H36: =pv_only!H36 -> tmy | I36: 2573.964 | J36: 3522.818 | K36: =J36-I36 -> 948.85403 | N36: 11233.731
A37: =pv_only!A37 -> california | B37: =pv_only!B37 -> CA | C37: =pv_only!C37 -> sdge | D37: =pv_only!D37 -> 111549 | E37: =pv_only!E37 -> 32.87 | F37: =pv_only!F37 -> -117.15 | G37: =pv_only!G37 -> 2023 | H37: =pv_only!H37 -> amy | I37: 2576.9425 | J37: 3522.2172 | K37: =J37-I37 -> 945.27468 | L37: =(I37-I36)/I36 -> 0.0011571784 | M37: =(J37-J36)/J36 -> -0.00017054869 | N37: 10568.645 | P37: =(N37-N36)/N36 -> -0.059204439
A38: =pv_only!A38 -> colorado | B38: =pv_only!B38 -> CO | C38: =pv_only!C38 -> xcel | D38: =pv_only!D38 -> 126745 | E38: =pv_only!E38 -> 39.81 | F38: =pv_only!F38 -> -105.14 | G38: =pv_only!G38 -> 2018 | H38: =pv_only!H38 -> tmy | I38: 1432.293 | J38: 1499.6317 | K38: =J38-I38 -> 67.338727 | N38: 9971.3267
A39: =pv_only!A39 -> colorado | B39: =pv_only!B39 -> CO | C39: =pv_only!C39 -> xcel | D39: =pv_only!D39 -> 126745 | E39: =pv_only!E39 -> 39.81 | F39: =pv_only!F39 -> -105.14 | G39: =pv_only!G39 -> 2018 | H39: =pv_only!H39 -> amy | I39: 1463.1722 | J39: 1524.9971 | K39: =J39-I39 -> 61.824926 | L39: =(I39-I38)/I38 -> 0.021559246 | M39: =(J39-J38)/J38 -> 0.01691439 | N39: 10132.42 | P39: =(N39-N38)/N38 -> 0.016155623
A40: =pv_only!A40 -> colorado | B40: =pv_only!B40 -> CO | C40: =pv_only!C40 -> xcel | D40: =pv_only!D40 -> 126745 | E40: =pv_only!E40 -> 39.81 | F40: =pv_only!F40 -> -105.14 | G40: =pv_only!G40 -> 2019 | H40: =pv_only!H40 -> tmy | I40: 1432.293 | J40: 1496.7336 | K40: =J40-I40 -> 64.440551 | N40: 9971.3267
A41: =pv_only!A41 -> colorado | B41: =pv_only!B41 -> CO | C41: =pv_only!C41 -> xcel | D41: =pv_only!D41 -> 126745 | E41: =pv_only!E41 -> 39.81 | F41: =pv_only!F41 -> -105.14 | G41: =pv_only!G41 -> 2019 | H41: =pv_only!H41 -> amy | I41: 1447.3005 | J41: 1508.4453 | K41: =J41-I41 -> 61.144864 | L41: =(I41-I40)/I40 -> 0.010477907 | M41: =(J41-J40)/J40 -> 0.0078248703 | N41: 10064.848 | P41: =(N41-N40)/N40 -> 0.0093790211
A42: =pv_only!A42 -> colorado | B42: =pv_only!B42 -> CO | C42: =pv_only!C42 -> xcel | D42: =pv_only!D42 -> 126745 | E42: =pv_only!E42 -> 39.81 | F42: =pv_only!F42 -> -105.14 | G42: =pv_only!G42 -> 2020 | H42: =pv_only!H42 -> tmy | I42: 1432.293 | J42: 1499.3795 | K42: =J42-I42 -> 67.086466 | N42: 9971.3267
A43: =pv_only!A43 -> colorado | B43: =pv_only!B43 -> CO | C43: =pv_only!C43 -> xcel | D43: =pv_only!D43 -> 126745 | E43: =pv_only!E43 -> 39.81 | F43: =pv_only!F43 -> -105.14 | G43: =pv_only!G43 -> 2020 | H43: =pv_only!H43 -> amy | I43: 1488.1414 | J43: 1557.2723 | K43: =J43-I43 -> 69.130846 | L43: =(I43-I42)/I42 -> 0.038992298 | M43: =(J43-J42)/J42 -> 0.038611156 | N43: 10412.765 | P43: =(N43-N42)/N42 -> 0.044270787
A44: =pv_only!A44 -> colorado | B44: =pv_only!B44 -> CO | C44: =pv_only!C44 -> xcel | D44: =pv_only!D44 -> 126745 | E44: =pv_only!E44 -> 39.81 | F44: =pv_only!F44 -> -105.14 | G44: =pv_only!G44 -> 2021 | H44: =pv_only!H44 -> tmy | I44: 1432.293 | J44: 1498.7833 | K44: =J44-I44 -> 66.490235 | N44: 9971.3267
A45: =pv_only!A45 -> colorado | B45: =pv_only!B45 -> CO | C45: =pv_only!C45 -> xcel | D45: =pv_only!D45 -> 126745 | E45: =pv_only!E45 -> 39.81 | F45: =pv_only!F45 -> -105.14 | G45: =pv_only!G45 -> 2021 | H45: =pv_only!H45 -> amy | I45: 1495.1191 | J45: 1557.0189 | K45: =J45-I45 -> 61.899838 | L45: =(I45-I44)/I44 -> 0.04386396 | M45: =(J45-J44)/J44 -> 0.038855283 | N45: 10363.644 | P45: =(N45-N44)/N44 -> 0.039344504
A46: =pv_only!A46 -> colorado | B46: =pv_only!B46 -> CO | C46: =pv_only!C46 -> xcel | D46: =pv_only!D46 -> 126745 | E46: =pv_only!E46 -> 39.81 | F46: =pv_only!F46 -> -105.14 | G46: =pv_only!G46 -> 2022 | H46: =pv_only!H46 -> tmy | I46: 1432.293 | J46: 1498.4822 | K46: =J46-I46 -> 66.189219 | N46: 9971.3267
A47: =pv_only!A47 -> colorado | B47: =pv_only!B47 -> CO | C47: =pv_only!C47 -> xcel | D47: =pv_only!D47 -> 126745 | E47: =pv_only!E47 -> 39.81 | F47: =pv_only!F47 -> -105.14 | G47: =pv_only!G47 -> 2022 | H47: =pv_only!H47 -> amy | I47: 1495.0794 | J47: 1554.0593 | K47: =J47-I47 -> 58.979927 | L47: =(I47-I46)/I46 -> 0.043836249 | M47: =(J47-J46)/J46 -> 0.037088902 | N47: 10419.893 | P47: =(N47-N46)/N46 -> 0.044985599
A48: =pv_only!A48 -> colorado | B48: =pv_only!B48 -> CO | C48: =pv_only!C48 -> xcel | D48: =pv_only!D48 -> 126745 | E48: =pv_only!E48 -> 39.81 | F48: =pv_only!F48 -> -105.14 | G48: =pv_only!G48 -> 2023 | H48: =pv_only!H48 -> tmy | I48: 1432.293 | J48: 1496.4172 | K48: =J48-I48 -> 64.124188 | N48: 9971.3267
A49: =pv_only!A49 -> colorado | B49: =pv_only!B49 -> CO | C49: =pv_only!C49 -> xcel | D49: =pv_only!D49 -> 126745 | E49: =pv_only!E49 -> 39.81 | F49: =pv_only!F49 -> -105.14 | G49: =pv_only!G49 -> 2023 | H49: =pv_only!H49 -> amy | I49: 1470.3334 | J49: 1532.9657 | K49: =J49-I49 -> 62.632274 | L49: =(I49-I48)/I48 -> 0.026559074 | M49: =(J49-J48)/J48 -> 0.024423979 | N49: 10218.626 | P49: =(N49-N48)/N48 -> 0.024801014
A50: =pv_only!A50 -> massachusetts | B50: =pv_only!B50 -> MA | C50: =pv_only!C50 -> nationalgrid | D50: =pv_only!D50 -> 305 | E50: =pv_only!E50 -> 41.88 | F50: =pv_only!F50 -> -71.02 | G50: =pv_only!G50 -> 2018 | H50: =pv_only!H50 -> tmy | I50: 3712.4559 | J50: 3712.3553 | K50: =J50-I50 -> -0.10058238 | N50: 8661.4478
A51: =pv_only!A51 -> massachusetts | B51: =pv_only!B51 -> MA | C51: =pv_only!C51 -> nationalgrid | D51: =pv_only!D51 -> 305 | E51: =pv_only!E51 -> 41.88 | F51: =pv_only!F51 -> -71.02 | G51: =pv_only!G51 -> 2018 | H51: =pv_only!H51 -> amy | I51: 3457.2178 | J51: 3457.8479 | K51: =J51-I51 -> 0.63006652 | L51: =(I51-I50)/I50 -> -0.068751813 | M51: =(J51-J50)/J50 -> -0.06855686 | N51: 8004.46 | P51: =(N51-N50)/N50 -> -0.075851964
A52: =pv_only!A52 -> massachusetts | B52: =pv_only!B52 -> MA | C52: =pv_only!C52 -> nationalgrid | D52: =pv_only!D52 -> 305 | E52: =pv_only!E52 -> 41.88 | F52: =pv_only!F52 -> -71.02 | G52: =pv_only!G52 -> 2019 | H52: =pv_only!H52 -> tmy | I52: 3701.366 | J52: 3701.7411 | K52: =J52-I52 -> 0.37509174 | N52: 8661.4478
A53: =pv_only!A53 -> massachusetts | B53: =pv_only!B53 -> MA | C53: =pv_only!C53 -> nationalgrid | D53: =pv_only!D53 -> 305 | E53: =pv_only!E53 -> 41.88 | F53: =pv_only!F53 -> -71.02 | G53: =pv_only!G53 -> 2019 | H53: =pv_only!H53 -> amy | I53: 3595.0514 | J53: 3595.0541 | K53: =J53-I53 -> 0.0026964104 | L53: =(I53-I52)/I52 -> -0.028723063 | M53: =(J53-J52)/J52 -> -0.028820753 | N53: 8341.0215 | P53: =(N53-N52)/N52 -> -0.036994542
A54: =pv_only!A54 -> massachusetts | B54: =pv_only!B54 -> MA | C54: =pv_only!C54 -> nationalgrid | D54: =pv_only!D54 -> 305 | E54: =pv_only!E54 -> 41.88 | F54: =pv_only!F54 -> -71.02 | G54: =pv_only!G54 -> 2020 | H54: =pv_only!H54 -> tmy | I54: 3721.3653 | J54: 3720.8014 | K54: =J54-I54 -> -0.56386538 | N54: 8661.4478
A55: =pv_only!A55 -> massachusetts | B55: =pv_only!B55 -> MA | C55: =pv_only!C55 -> nationalgrid | D55: =pv_only!D55 -> 305 | E55: =pv_only!E55 -> 41.88 | F55: =pv_only!F55 -> -71.02 | G55: =pv_only!G55 -> 2020 | H55: =pv_only!H55 -> amy | I55: 3558.3595 | J55: 3558.1107 | K55: =J55-I55 -> -0.24883471 | L55: =(I55-I54)/I54 -> -0.043802681 | M55: =(J55-J54)/J54 -> -0.043724652 | N55: 8298.3524 | P55: =(N55-N54)/N54 -> -0.041920872
A56: =pv_only!A56 -> massachusetts | B56: =pv_only!B56 -> MA | C56: =pv_only!C56 -> nationalgrid | D56: =pv_only!D56 -> 305 | E56: =pv_only!E56 -> 41.88 | F56: =pv_only!F56 -> -71.02 | G56: =pv_only!G56 -> 2021 | H56: =pv_only!H56 -> tmy | I56: 3723.5105 | J56: 3722.0833 | K56: =J56-I56 -> -1.4271849 | N56: 8661.4478
A57: =pv_only!A57 -> massachusetts | B57: =pv_only!B57 -> MA | C57: =pv_only!C57 -> nationalgrid | D57: =pv_only!D57 -> 305 | E57: =pv_only!E57 -> 41.88 | F57: =pv_only!F57 -> -71.02 | G57: =pv_only!G57 -> 2021 | H57: =pv_only!H57 -> amy | I57: 3640.6083 | J57: 3640.4583 | K57: =J57-I57 -> -0.14998185 | L57: =(I57-I56)/I56 -> -0.022264521 | M57: =(J57-J56)/J56 -> -0.021929916 | N57: 8528.9183 | P57: =(N57-N56)/N56 -> -0.015301085
A58: =pv_only!A58 -> massachusetts | B58: =pv_only!B58 -> MA | C58: =pv_only!C58 -> nationalgrid | D58: =pv_only!D58 -> 305 | E58: =pv_only!E58 -> 41.88 | F58: =pv_only!F58 -> -71.02 | G58: =pv_only!G58 -> 2022 | H58: =pv_only!H58 -> tmy | I58: 3724.4703 | J58: 3724.7958 | K58: =J58-I58 -> 0.32555724 | N58: 8661.4478
A59: =pv_only!A59 -> massachusetts | B59: =pv_only!B59 -> MA | C59: =pv_only!C59 -> nationalgrid | D59: =pv_only!D59 -> 305 | E59: =pv_only!E59 -> 41.88 | F59: =pv_only!F59 -> -71.02 | G59: =pv_only!G59 -> 2022 | H59: =pv_only!H59 -> amy | I59: 3807.3901 | J59: 3807.3905 | K59: =J59-I59 -> 0.00039731966 | L59: =(I59-I58)/I58 -> 0.022263531 | M59: =(J59-J58)/J58 -> 0.02217429 | N59: 8899.9743 | P59: =(N59-N58)/N58 -> 0.027538868
A60: =pv_only!A60 -> massachusetts | B60: =pv_only!B60 -> MA | C60: =pv_only!C60 -> nationalgrid | D60: =pv_only!D60 -> 305 | E60: =pv_only!E60 -> 41.88 | F60: =pv_only!F60 -> -71.02 | G60: =pv_only!G60 -> 2023 | H60: =pv_only!H60 -> tmy | I60: 3711.5639 | J60: 3710.5275 | K60: =J60-I60 -> -1.036383 | N60: 8661.4478
A61: =pv_only!A61 -> massachusetts | B61: =pv_only!B61 -> MA | C61: =pv_only!C61 -> nationalgrid | D61: =pv_only!D61 -> 305 | E61: =pv_only!E61 -> 41.88 | F61: =pv_only!F61 -> -71.02 | G61: =pv_only!G61 -> 2023 | H61: =pv_only!H61 -> amy | I61: 3503.3971 | J61: 3502.4156 | K61: =J61-I61 -> -0.98145129 | L61: =(I61-I60)/I60 -> -0.056086 | M61: =(J61-J60)/J60 -> -0.056086861 | N61: 8217.0216 | P61: =(N61-N60)/N60 -> -0.051310851
A62: =pv_only!A62 -> minnesota | B62: =pv_only!B62 -> MN | C62: =pv_only!C62 -> xcel | D62: =pv_only!D62 -> 442412 | E62: =pv_only!E62 -> 44.85 | F62: =pv_only!F62 -> -93.03 | G62: =pv_only!G62 -> 2018 | H62: =pv_only!H62 -> tmy | I62: 1787.8769 | J62: 1666.6603 | K62: =J62-I62 -> -121.2166 | N62: 8445.3204
A63: =pv_only!A63 -> minnesota | B63: =pv_only!B63 -> MN | C63: =pv_only!C63 -> xcel | D63: =pv_only!D63 -> 442412 | E63: =pv_only!E63 -> 44.85 | F63: =pv_only!F63 -> -93.03 | G63: =pv_only!G63 -> 2018 | H63: =pv_only!H63 -> amy | I63: 1687.3011 | J63: 1611.2682 | K63: =J63-I63 -> -76.03294 | L63: =(I63-I62)/I62 -> -0.056254325 | M63: =(J63-J62)/J62 -> -0.033235415 | N63: 8107.6463 | P63: =(N63-N62)/N62 -> -0.039983572
A64: =pv_only!A64 -> minnesota | B64: =pv_only!B64 -> MN | C64: =pv_only!C64 -> xcel | D64: =pv_only!D64 -> 442412 | E64: =pv_only!E64 -> 44.85 | F64: =pv_only!F64 -> -93.03 | G64: =pv_only!G64 -> 2019 | H64: =pv_only!H64 -> tmy | I64: 1787.8769 | J64: 1674.7492 | K64: =J64-I64 -> -113.12766 | N64: 8445.3204
A65: =pv_only!A65 -> minnesota | B65: =pv_only!B65 -> MN | C65: =pv_only!C65 -> xcel | D65: =pv_only!D65 -> 442412 | E65: =pv_only!E65 -> 44.85 | F65: =pv_only!F65 -> -93.03 | G65: =pv_only!G65 -> 2019 | H65: =pv_only!H65 -> amy | I65: 1691.3768 | J65: 1595.8502 | K65: =J65-I65 -> -95.526608 | L65: =(I65-I64)/I64 -> -0.053974668 | M65: =(J65-J64)/J64 -> -0.047110939 | N65: 7903.0697 | P65: =(N65-N64)/N64 -> -0.064207244
A66: =pv_only!A66 -> minnesota | B66: =pv_only!B66 -> MN | C66: =pv_only!C66 -> xcel | D66: =pv_only!D66 -> 442412 | E66: =pv_only!E66 -> 44.85 | F66: =pv_only!F66 -> -93.03 | G66: =pv_only!G66 -> 2020 | H66: =pv_only!H66 -> tmy | I66: 1787.8769 | J66: 1672.0419 | K66: =J66-I66 -> -115.83503 | N66: 8445.3204
A67: =pv_only!A67 -> minnesota | B67: =pv_only!B67 -> MN | C67: =pv_only!C67 -> xcel | D67: =pv_only!D67 -> 442412 | E67: =pv_only!E67 -> 44.85 | F67: =pv_only!F67 -> -93.03 | G67: =pv_only!G67 -> 2020 | H67: =pv_only!H67 -> amy | I67: 1769.3296 | J67: 1643.6234 | K67: =J67-I67 -> -125.70618 | L67: =(I67-I66)/I66 -> -0.010373911 | M67: =(J67-J66)/J66 -> -0.016996243 | N67: 8379.5805 | P67: =(N67-N66)/N66 -> -0.0077841821
A68: =pv_only!A68 -> minnesota | B68: =pv_only!B68 -> MN | C68: =pv_only!C68 -> xcel | D68: =pv_only!D68 -> 442412 | E68: =pv_only!E68 -> 44.85 | F68: =pv_only!F68 -> -93.03 | G68: =pv_only!G68 -> 2021 | H68: =pv_only!H68 -> tmy | I68: 1787.8769 | J68: 1716.6432 | K68: =J68-I68 -> -71.233691 | N68: 8445.3204
A69: =pv_only!A69 -> minnesota | B69: =pv_only!B69 -> MN | C69: =pv_only!C69 -> xcel | D69: =pv_only!D69 -> 442412 | E69: =pv_only!E69 -> 44.85 | F69: =pv_only!F69 -> -93.03 | G69: =pv_only!G69 -> 2021 | H69: =pv_only!H69 -> amy | I69: 1841.7851 | J69: 1728.1305 | K69: =J69-I69 -> -113.65461 | L69: =(I69-I68)/I68 -> 0.030152079 | M69: =(J69-J68)/J68 -> 0.0066917173 | N69: 8654.302 | P69: =(N69-N68)/N68 -> 0.024745253
A70: =pv_only!A70 -> minnesota | B70: =pv_only!B70 -> MN | C70: =pv_only!C70 -> xcel | D70: =pv_only!D70 -> 442412 | E70: =pv_only!E70 -> 44.85 | F70: =pv_only!F70 -> -93.03 | G70: =pv_only!G70 -> 2022 | H70: =pv_only!H70 -> tmy | I70: 1787.8769 | J70: 1685.6869 | K70: =J70-I70 -> -102.19005 | N70: 8445.3204
A71: =pv_only!A71 -> minnesota | B71: =pv_only!B71 -> MN | C71: =pv_only!C71 -> xcel | D71: =pv_only!D71 -> 442412 | E71: =pv_only!E71 -> 44.85 | F71: =pv_only!F71 -> -93.03 | G71: =pv_only!G71 -> 2022 | H71: =pv_only!H71 -> amy | I71: 1768.0766 | J71: 1667.6979 | K71: =J71-I71 -> -100.37869 | L71: =(I71-I70)/I70 -> -0.011074735 | M71: =(J71-J70)/J70 -> -0.010671559 | N71: 8352.7371 | P71: =(N71-N70)/N70 -> -0.01096268
A72: =pv_only!A72 -> minnesota | B72: =pv_only!B72 -> MN | C72: =pv_only!C72 -> xcel | D72: =pv_only!D72 -> 442412 | E72: =pv_only!E72 -> 44.85 | F72: =pv_only!F72 -> -93.03 | G72: =pv_only!G72 -> 2023 | H72: =pv_only!H72 -> tmy | I72: 1787.8769 | J72: 1698.8891 | K72: =J72-I72 -> -88.987835 | N72: 8445.3204
A73: =pv_only!A73 -> minnesota | B73: =pv_only!B73 -> MN | C73: =pv_only!C73 -> xcel | D73: =pv_only!D73 -> 442412 | E73: =pv_only!E73 -> 44.85 | F73: =pv_only!F73 -> -93.03 | G73: =pv_only!G73 -> 2023 | H73: =pv_only!H73 -> amy | I73: 1793.2938 | J73: 1705.7552 | K73: =J73-I73 -> -87.538628 | L73: =(I73-I72)/I72 -> 0.0030298096 | M73: =(J73-J72)/J72 -> 0.0040415435 | N73: 8455.4755 | P73: =(N73-N72)/N72 -> 0.0012024539
A74: =pv_only!A74 -> newyork | B74: =pv_only!B74 -> NY | C74: =pv_only!C74 -> coned | D74: =pv_only!D74 -> 404322 | E74: =pv_only!E74 -> 40.68 | F74: =pv_only!F74 -> -74.17 | G74: =pv_only!G74 -> 2018 | H74: =pv_only!H74 -> tmy | I74: 2850.2866 | J74: 2964.2579 | K74: =J74-I74 -> 113.97126 | N74: 8355.7669
A75: =pv_only!A75 -> newyork | B75: =pv_only!B75 -> NY | C75: =pv_only!C75 -> coned | D75: =pv_only!D75 -> 404322 | E75: =pv_only!E75 -> 40.68 | F75: =pv_only!F75 -> -74.17 | G75: =pv_only!G75 -> 2018 | H75: =pv_only!H75 -> amy | I75: 2571.4179 | J75: 2667.798 | K75: =J75-I75 -> 96.38004 | L75: =(I75-I74)/I74 -> -0.097838831 | M75: =(J75-J74)/J74 -> -0.10001152 | N75: 7487.3184 | P75: =(N75-N74)/N74 -> -0.10393403
A76: =pv_only!A76 -> newyork | B76: =pv_only!B76 -> NY | C76: =pv_only!C76 -> coned | D76: =pv_only!D76 -> 404322 | E76: =pv_only!E76 -> 40.68 | F76: =pv_only!F76 -> -74.17 | G76: =pv_only!G76 -> 2019 | H76: =pv_only!H76 -> tmy | I76: 2822.3138 | J76: 2921.8568 | K76: =J76-I76 -> 99.542943 | N76: 8355.7669
A77: =pv_only!A77 -> newyork | B77: =pv_only!B77 -> NY | C77: =pv_only!C77 -> coned | D77: =pv_only!D77 -> 404322 | E77: =pv_only!E77 -> 40.68 | F77: =pv_only!F77 -> -74.17 | G77: =pv_only!G77 -> 2019 | H77: =pv_only!H77 -> amy | I77: 2718.902 | J77: 2820.1158 | K77: =J77-I77 -> 101.2138 | L77: =(I77-I76)/I76 -> -0.036640806 | M77: =(J77-J76)/J76 -> -0.034820664 | N77: 8037.8656 | P77: =(N77-N76)/N76 -> -0.03804574
A78: =pv_only!A78 -> newyork | B78: =pv_only!B78 -> NY | C78: =pv_only!C78 -> coned | D78: =pv_only!D78 -> 404322 | E78: =pv_only!E78 -> 40.68 | F78: =pv_only!F78 -> -74.17 | G78: =pv_only!G78 -> 2020 | H78: =pv_only!H78 -> tmy | I78: 2827.9293 | J78: 2903.3058 | K78: =J78-I78 -> 75.37653 | N78: 8355.7669
A79: =pv_only!A79 -> newyork | B79: =pv_only!B79 -> NY | C79: =pv_only!C79 -> coned | D79: =pv_only!D79 -> 404322 | E79: =pv_only!E79 -> 40.68 | F79: =pv_only!F79 -> -74.17 | G79: =pv_only!G79 -> 2020 | H79: =pv_only!H79 -> amy | I79: 2736.3098 | J79: 2845.0365 | K79: =J79-I79 -> 108.72665 | L79: =(I79-I78)/I78 -> -0.03239806 | M79: =(J79-J78)/J78 -> -0.020069985 | N79: 8032.2994 | P79: =(N79-N78)/N78 -> -0.038711895
A80: =pv_only!A80 -> newyork | B80: =pv_only!B80 -> NY | C80: =pv_only!C80 -> coned | D80: =pv_only!D80 -> 404322 | E80: =pv_only!E80 -> 40.68 | F80: =pv_only!F80 -> -74.17 | G80: =pv_only!G80 -> 2021 | H80: =pv_only!H80 -> tmy | I80: 2815.9251 | J80: 2901.849 | K80: =J80-I80 -> 85.923925 | N80: 8355.7669
A81: =pv_only!A81 -> newyork | B81: =pv_only!B81 -> NY | C81: =pv_only!C81 -> coned | D81: =pv_only!D81 -> 404322 | E81: =pv_only!E81 -> 40.68 | F81: =pv_only!F81 -> -74.17 | G81: =pv_only!G81 -> 2021 | H81: =pv_only!H81 -> amy | I81: 2773.8668 | J81: 2871.892 | K81: =J81-I81 -> 98.025236 | L81: =(I81-I80)/I80 -> -0.014935883 | M81: =(J81-J80)/J80 -> -0.010323424 | N81: 8141.2873 | P81: =(N81-N80)/N80 -> -0.025668451
A82: =pv_only!A82 -> newyork | B82: =pv_only!B82 -> NY | C82: =pv_only!C82 -> coned | D82: =pv_only!D82 -> 404322 | E82: =pv_only!E82 -> 40.68 | F82: =pv_only!F82 -> -74.17 | G82: =pv_only!G82 -> 2022 | H82: =pv_only!H82 -> tmy | I82: 2842.4672 | J82: 2941.9836 | K82: =J82-I82 -> 99.516367 | N82: 8355.7669
A83: =pv_only!A83 -> newyork | B83: =pv_only!B83 -> NY | C83: =pv_only!C83 -> coned | D83: =pv_only!D83 -> 404322 | E83: =pv_only!E83 -> 40.68 | F83: =pv_only!F83 -> -74.17 | G83: =pv_only!G83 -> 2022 | H83: =pv_only!H83 -> amy | I83: 2939.5158 | J83: 3042.2599 | K83: =J83-I83 -> 102.74413 | L83: =(I83-I82)/I82 -> 0.034142381 | M83: =(J83-J82)/J82 -> 0.034084609 | N83: 8605.6907 | P83: =(N83-N82)/N82 -> 0.029910333
A84: =pv_only!A84 -> newyork | B84: =pv_only!B84 -> NY | C84: =pv_only!C84 -> coned | D84: =pv_only!D84 -> 404322 | E84: =pv_only!E84 -> 40.68 | F84: =pv_only!F84 -> -74.17 | G84: =pv_only!G84 -> 2023 | H84: =pv_only!H84 -> tmy | I84: 2825.6658 | J84: 2921.5767 | K84: =J84-I84 -> 95.910852 | N84: 8355.7669
A85: =pv_only!A85 -> newyork | B85: =pv_only!B85 -> NY | C85: =pv_only!C85 -> coned | D85: =pv_only!D85 -> 404322 | E85: =pv_only!E85 -> 40.68 | F85: =pv_only!F85 -> -74.17 | G85: =pv_only!G85 -> 2023 | H85: =pv_only!H85 -> amy | I85: 2784.5967 | J85: 2889.928 | K85: =J85-I85 -> 105.33128 | L85: =(I85-I84)/I84 -> -0.014534313 | M85: =(J85-J84)/J84 -> -0.010832739 | N85: 8181.5232 | P85: =(N85-N84)/N84 -> -0.020853111
A86: =pv_only!A86 -> ohio | B86: =pv_only!B86 -> OH | C86: =pv_only!C86 -> aep | D86: =pv_only!D86 -> 448494 | E86: =pv_only!E86 -> 39.99 | F86: =pv_only!F86 -> -82.88 | G86: =pv_only!G86 -> 2018 | H86: =pv_only!H86 -> tmy | I86: 1291.7423 | J86: 1292.249 | K86: =J86-I86 -> 0.50671061 | N86: 8065.7317
A87: =pv_only!A87 -> ohio | B87: =pv_only!B87 -> OH | C87: =pv_only!C87 -> aep | D87: =pv_only!D87 -> 448494 | E87: =pv_only!E87 -> 39.99 | F87: =pv_only!F87 -> -82.88 | G87: =pv_only!G87 -> 2018 | H87: =pv_only!H87 -> amy | I87: 1239.4264 | J87: 1240.5139 | K87: =J87-I87 -> 1.087506 | L87: =(I87-I86)/I86 -> -0.040500295 | M87: =(J87-J86)/J86 -> -0.040034969 | N87: 7731.7198 | P87: =(N87-N86)/N86 -> -0.041411241
A88: =pv_only!A88 -> ohio | B88: =pv_only!B88 -> OH | C88: =pv_only!C88 -> aep | D88: =pv_only!D88 -> 448494 | E88: =pv_only!E88 -> 39.99 | F88: =pv_only!F88 -> -82.88 | G88: =pv_only!G88 -> 2019 | H88: =pv_only!H88 -> tmy | I88: 1285.8921 | J88: 1285.6224 | K88: =J88-I88 -> -0.26966694 | N88: 8065.7317
A89: =pv_only!A89 -> ohio | B89: =pv_only!B89 -> OH | C89: =pv_only!C89 -> aep | D89: =pv_only!D89 -> 448494 | E89: =pv_only!E89 -> 39.99 | F89: =pv_only!F89 -> -82.88 | G89: =pv_only!G89 -> 2019 | H89: =pv_only!H89 -> amy | I89: 1287.9673 | J89: 1288.355 | K89: =J89-I89 -> 0.38764758 | L89: =(I89-I88)/I88 -> 0.0016138169 | M89: =(J89-J88)/J88 -> 0.0021254366 | N89: 8031.4962 | P89: =(N89-N88)/N88 -> -0.0042445701
A90: =pv_only!A90 -> ohio | B90: =pv_only!B90 -> OH | C90: =pv_only!C90 -> aep | D90: =pv_only!D90 -> 448494 | E90: =pv_only!E90 -> 39.99 | F90: =pv_only!F90 -> -82.88 | G90: =pv_only!G90 -> 2020 | H90: =pv_only!H90 -> tmy | I90: 1284.754 | J90: 1283.2652 | K90: =J90-I90 -> -1.4887921 | N90: 8065.7317
A91: =pv_only!A91 -> ohio | B91: =pv_only!B91 -> OH | C91: =pv_only!C91 -> aep | D91: =pv_only!D91 -> 448494 | E91: =pv_only!E91 -> 39.99 | F91: =pv_only!F91 -> -82.88 | G91: =pv_only!G91 -> 2020 | H91: =pv_only!H91 -> amy | I91: 1233.8102 | J91: 1232.7841 | K91: =J91-I91 -> -1.0260694 | L91: =(I91-I90)/I90 -> -0.039652586 | M91: =(J91-J90)/J90 -> -0.039338007 | N91: 7701.0048 | P91: =(N91-N90)/N90 -> -0.045219326
A92: =pv_only!A92 -> ohio | B92: =pv_only!B92 -> OH | C92: =pv_only!C92 -> aep | D92: =pv_only!D92 -> 448494 | E92: =pv_only!E92 -> 39.99 | F92: =pv_only!F92 -> -82.88 | G92: =pv_only!G92 -> 2021 | H92: =pv_only!H92 -> tmy | I92: 1284.8451 | J92: 1284.1968 | K92: =J92-I92 -> -0.64835395 | N92: 8065.7317
A93: =pv_only!A93 -> ohio | B93: =pv_only!B93 -> OH | C93: =pv_only!C93 -> aep | D93: =pv_only!D93 -> 448494 | E93: =pv_only!E93 -> 39.99 | F93: =pv_only!F93 -> -82.88 | G93: =pv_only!G93 -> 2021 | H93: =pv_only!H93 -> amy | I93: 1321.3429 | J93: 1322.6585 | K93: =J93-I93 -> 1.315588 | L93: =(I93-I92)/I92 -> 0.028406372 | M93: =(J93-J92)/J92 -> 0.029950029 | N93: 8351.8813 | P93: =(N93-N92)/N92 -> 0.035477198
A94: =pv_only!A94 -> ohio | B94: =pv_only!B94 -> OH | C94: =pv_only!C94 -> aep | D94: =pv_only!D94 -> 448494 | E94: =pv_only!E94 -> 39.99 | F94: =pv_only!F94 -> -82.88 | G94: =pv_only!G94 -> 2022 | H94: =pv_only!H94 -> tmy | I94: 1288.5415 | J94: 1288.2418 | K94: =J94-I94 -> -0.2996465 | N94: 8065.7317
A95: =pv_only!A95 -> ohio | B95: =pv_only!B95 -> OH | C95: =pv_only!C95 -> aep | D95: =pv_only!D95 -> 448494 | E95: =pv_only!E95 -> 39.99 | F95: =pv_only!F95 -> -82.88 | G95: =pv_only!G95 -> 2022 | H95: =pv_only!H95 -> amy | I95: 1330.6201 | J95: 1331.0528 | K95: =J95-I95 -> 0.4326158 | L95: =(I95-I94)/I94 -> 0.03265603 | M95: =(J95-J94)/J94 -> 0.033232046 | N95: 8335.1619 | P95: =(N95-N94)/N94 -> 0.033404309
A96: =pv_only!A96 -> ohio | B96: =pv_only!B96 -> OH | C96: =pv_only!C96 -> aep | D96: =pv_only!D96 -> 448494 | E96: =pv_only!E96 -> 39.99 | F96: =pv_only!F96 -> -82.88 | G96: =pv_only!G96 -> 2023 | H96: =pv_only!H96 -> tmy | I96: 1285.2265 | J96: 1285.2368 | K96: =J96-I96 -> 0.010323273 | N96: 8065.7317
A97: =pv_only!A97 -> ohio | B97: =pv_only!B97 -> OH | C97: =pv_only!C97 -> aep | D97: =pv_only!D97 -> 448494 | E97: =pv_only!E97 -> 39.99 | F97: =pv_only!F97 -> -82.88 | G97: =pv_only!G97 -> 2023 | H97: =pv_only!H97 -> amy | I97: 1308.2321 | J97: 1306.9113 | K97: =J97-I97 -> -1.3208199 | L97: =(I97-I96)/I96 -> 0.017900032 | M97: =(J97-J96)/J96 -> 0.01686417 | N97: 8222.7113 | P97: =(N97-N96)/N96 -> 0.019462535
A98: =pv_only!A98 -> oregon | B98: =pv_only!B98 -> OR | C98: =pv_only!C98 -> pge | D98: =pv_only!D98 -> 67263 | E98: =pv_only!E98 -> 45.59 | F98: =pv_only!F98 -> -122.6 | G98: =pv_only!G98 -> 2018 | H98: =pv_only!H98 -> tmy | I98: 989.88224 | J98: 1408.8853 | K98: =J98-I98 -> 419.00304 | N98: 7536.4093
A99: =pv_only!A99 -> oregon | B99: =pv_only!B99 -> OR | C99: =pv_only!C99 -> pge | D99: =pv_only!D99 -> 67263 | E99: =pv_only!E99 -> 45.59 | F99: =pv_only!F99 -> -122.6 | G99: =pv_only!G99 -> 2018 | H99: =pv_only!H99 -> amy | I99: 967.29298 | J99: 1415.7593 | K99: =J99-I99 -> 448.46629 | L99: =(I99-I98)/I98 -> -0.022820148 | M99: =(J99-J98)/J98 -> 0.0048790275 | N99: 7517.6059 | P99: =(N99-N98)/N98 -> -0.0024950061
A100: =pv_only!A100 -> oregon | B100: =pv_only!B100 -> OR | C100: =pv_only!C100 -> pge | D100: =pv_only!D100 -> 67263 | E100: =pv_only!E100 -> 45.59 | F100: =pv_only!F100 -> -122.6 | G100: =pv_only!G100 -> 2019 | H100: =pv_only!H100 -> tmy | I100: 958.61335 | J100: 1361.4239 | K100: =J100-I100 -> 402.81057 | N100: 7536.4093
...

Sheet Analysis-TMY only
A1: state_long | B1: state_short | C1: utility | D1: building_id | E1: latitude | F1: longitude | G1: year | H1: run_type | I1: savings pv only | J1: Savings w batt | L1: annual_energy | M1: Savings Diff batt
A2: alabama | B2: AL | C2: apc | D2: 46496 | E2: 33.56 | F2: -86.75 | G2: 2018 | H2: tmy | I2: 823.29277 | J2: 994.17436 | K2: 170.88159 | L2: 9041.8682
A3: alabama | B3: AL | C3: apc | D3: 46496 | E3: 33.56 | F3: -86.75 | G3: 2019 | H3: tmy | I3: 830.35446 | J3: 998.44839 | K3: 168.09393 | L3: 9041.8682
A4: alabama | B4: AL | C4: apc | D4: 46496 | E4: 33.56 | F4: -86.75 | G4: 2020 | H4: tmy | I4: 784.22013 | J4: 979.25769 | K4: 195.03756 | L4: 9041.8682
A5: alabama | B5: AL | C5: apc | D5: 46496 | E5: 33.56 | F5: -86.75 | G5: 2021 | H5: tmy | I5: 777.19307 | J5: 993.54796 | K5: 216.35489 | L5: 9041.8682
A6: alabama | B6: AL | C6: apc | D6: 46496 | E6: 33.56 | F6: -86.75 | G6: 2022 | H6: tmy | I6: 820.24182 | J6: 1009.8847 | K6: 189.6429 | L6: 9041.8682
A7: alabama | B7: AL | C7: apc | D7: 46496 | E7: 33.56 | F7: -86.75 | G7: 2023 | H7: tmy | I7: 810.03416 | J7: 1003.4162 | K7: 193.38207 | L7: 9041.8682
A8: arizona | B8: AZ | C8: aps | D8: 112157 | E8: 35.14 | F8: -111.67 | G8: 2018 | H8: tmy | I8: 924.93943 | J8: 1117.027 | K8: 192.08758 | L8: 11330.222
A9: arizona | B9: AZ | C9: aps | D9: 112157 | E9: 35.14 | F9: -111.67 | G9: 2019 | H9: tmy | I9: 922.69192 | J9: 1187.0812 | K9: 264.38929 | L9: 11330.222
A10: arizona | B10: AZ | C10: aps | D10: 112157 | E10: 35.14 | F10: -111.67 | G10: 2020 | H10: tmy | I10: 901.6978 | J10: 1089.0508 | K10: 187.35297 | L10: 11330.222
A11: arizona | B11: AZ | C11: aps | D11: 112157 | E11: 35.14 | F11: -111.67 | G11: 2021 | H11: tmy | I11: 907.62167 | J11: 1202.0926 | K11: 294.47095 | L11: 11330.222
A12: arizona | B12: AZ | C12: aps | D12: 112157 | E12: 35.14 | F12: -111.67 | G12: 2022 | H12: tmy | I12: 910.24801 | J12: 1162.5621 | K12: 252.31405 | L12: 11330.222
A13: arizona | B13: AZ | C13: aps | D13: 112157 | E13: 35.14 | F13: -111.67 | G13: 2023 | H13: tmy | I13: 918.90438 | J13: 1129.6572 | K13: 210.75285 | L13: 11330.222
... A73: wisconsin | B73: WI | C73: we_energies | D73: 467842 | E73: 42.95 | F73: -87.9 | G73: 2023 | H73: tmy | I73: 1386.6047 | J73: 1387.0007 | K73: 0.39593905 | L73: 8292.5516

Sheet Analysis-AMY only
A1: state_long | B1: state_short | C1: utility | D1: building_id | E1: latitude | F1: longitude | G1: year | H1: run_type | I1: savings pv only | J1: Savings w batt | L1: Savings Diff no batt | M1: Savings Diff batt | N1: annual_load | O1: annual_energy
A2: alabama | B2: AL | C2: apc | D2: 46496 | E2: 33.56 | F2: -86.75 | G2: 2018 | H2: amy | I2: 822.24787 | J2: 978.21772 | K2: 155.96985 | L2: -0.0012691723 | M2: -0.016050146 | N2: 11472.695 | O2: 8621.1306
A3: alabama | B3: AL | C3: apc | D3: 46496 | E3: 33.56 | F3: -86.75 | G3: 2019 | H3: amy | I3: 844.01502 | J3: 997.14429 | K3: 153.12927 | L3: 0.016451478 | M3: -0.001306125 | N3: 11894.363 | O3: 8716.7444
A4: alabama | B4: AL | C4: apc | D4: 46496 | E4: 33.56 | F4: -86.75 | G4: 2020 | H4: amy | I4: 786.96201 | J4: 973.85643 | K4: 186.89443 | L4: 0.0034963065 | M4: -0.0055156665 | N4: 10144.622 | O4: 8634.7381
A5: alabama | B5: AL | C5: apc | D5: 46496 | E5: 33.56 | F5: -86.75 | G5: 2021 | H5: amy | I5: 767.47674 | J5: 980.78652 | K5: 213.30978 | L5: -0.012501819 | M5: -0.012844315 | N5: 9454.1004 | O5: 8847.2704
A6: alabama | B6: AL | C6: apc | D6: 46496 | E6: 33.56 | F6: -86.75 | G6: 2022 | H6: amy | I6: 870.89925 | J6: 1054.4249 | K6: 183.52567 | L6: 0.061759146 | M6: 0.044104243 | N6: 11166.917 | O6: 9524.5165
A7: alabama | B7: AL | C7: apc | D7: 46496 | E7: 33.56 | F7: -86.75 | G7: 2023 | H7: amy | I7: 844.2987 | J7: 1048.876 | K7: 204.57732 | L7: 0.042300113 | M7: 0.045305008 | N7: 10870.759 | O7: 9250.2634
A8: arizona | B8: AZ | C8: aps | D8: 112157 | E8: 35.14 | F8: -111.67 | G8: 2018 | H8: amy | I8: 932.16998 | J8: 1256.1125 | K8: 323.94248 | L8: 0.007817317 | M8: 0.12451395 | N8: 12406.597 | O8: 11312.076
A9: arizona | B9: AZ | C9: aps | D9: 112157 | E9: 35.14 | F9: -111.67 | G9: 2019 | H9: amy | I9: 929.0352 | J9: 1243.4978 | K9: 314.46265 | L9: 0.0068747539 | M9: 0.047525508 | N9: 12209.288 | O9: 11336.787
A10: arizona | B10: AZ | C10: aps | D10: 112157 | E10: 35.14 | F10: -111.67 | G10: 2020 | H10: amy | I10: 965.44135 | J10: 1257.9989 | K10: 292.55759 | L10: 0.070692804 | M10: 0.15513342 | N10: 13006.749 | O10: 11855.872
A11: arizona | B11: AZ | C11: aps | D11: 112157 | E11: 35.14 | F11: -111.67 | G11: 2021 | H11: amy | I11: 940.08774 | J11: 1234.8489 | K11: 294.76119 | L11: 0.035770487 | M11: 0.027249405 | N11: 12416.012 | O11: 11443.475
A12: arizona | B12: AZ | C12: aps | D12: 112157 | E12: 35.14 | F12: -111.67 | G12: 2022 | H12: amy | I12: 933.56028 | J12: 1264.5918 | K12: 331.03156 | L12: 0.025610904 | M12: 0.087762877 | N12: 12433.614 | O12: 11395.422
A13: arizona | B13: AZ | C13: aps | D13: 112157 | E13: 35.14 | F13: -111.67 | G13: 2023 | H13: amy | I13: 940.0629 | J13: 1240.2759 | K13: 300.21303 | L13: 0.023025812 | M13: 0.097922364 | N13: 12404.026 | O13: 11559.838
... A73: wisconsin | B73: WI | C73: we_energies | D73: 467842 | E73: 42.95 | F73: -87.9 | G73: 2023 | H73: amy | I73: 1353.0336 | J73: 1353.7599 | K73: 0.72629873 | L73: -0.024211046 | M73: -0.023965952 | N73: 10714.602 | O73: 8143.4266

Sheet Graphics
A1: PV Only | B1: Colorado TMY | C1: AMY/TMY | D1: Colorado AMY | E1: OH TMY | F1: AMY/TMY | G1: OH AMY | H1: CA TMY | I1: AMY/TMY | J1: CA AMY | K1: AZ TMY | L1: AMY/TMY | M1: AZ AMY | N1: AL TMY | P1: AL AMY
A2: Median | B2: =MEDIAN('Analysis-TMY only'!I20:I25) -> 1432.293 | D2: =MEDIAN('Analysis-AMY only'!I20:I25) -> 1479.2374 | E2: =MEDIAN('Analysis-TMY only'!I44:I49) -> 1285.5593 | G2: =MEDIAN('Analysis-AMY only'!I44:I49) -> 1298.0997 | H2: =MEDIAN('Analysis-TMY only'!I14:I19) -> 2767.7672 | J2: =MEDIAN('Analysis-AMY only'!I14:I19) -> 2823.3725 | K2: =MEDIAN('Analysis-TMY only'!I8:I13) -> 914.57619 | M2: =MEDIAN('Analysis-AMY only'!I8:I13) -> 936.81159 | N2: =MEDIAN('Analysis-TMY only'!I2:I7) -> 815.13799 | P2: =MEDIAN('Analysis-AMY only'!I2:I7) -> 833.13144
A3: 2018 | B3: ='Analysis-TMY only'!I20-Graphics!$B$2 -> 0 | C3: ='Analysis-AMY only'!I20-Graphics!$B$2 -> 30.879157 | D3: ='Analysis-AMY only'!I20-Graphics!D$2 -> -16.065229 | E3: ='Analysis-TMY only'!I44-Graphics!E$2 -> 6.1830071 | F3: ='Analysis-AMY only'!I44-Graphics!E$2 -> -46.132938 | G3: ='Analysis-AMY only'!I44-Graphics!G$2 -> -58.673333 | H3: ='Analysis-TMY only'!I14-Graphics!H$2 -> 16.258224 | I3: ='Analysis-AMY only'!I14-Graphics!H$2 -> 71.346689 | J3: ='Analysis-AMY only'!I14-Graphics!J$2 -> 15.741401 | K3: ='Analysis-TMY only'!I8-Graphics!K$2 -> 10.36324 | L3: ='Analysis-AMY only'!I8-Graphics!K$2 -> 17.593785 | M3: ='Analysis-AMY only'!I8-Graphics!M$2 -> -4.6416125 | N3: ='Analysis-TMY only'!I2-Graphics!N$2 -> 8.1547759 | O3: ='Analysis-AMY only'!I2-Graphics!N$2 -> 7.1098756 | P3: ='Analysis-AMY only'!I2-Graphics!P$2 -> -10.883576
A4: =A3+1 -> 2019 | B4: ='Analysis-TMY only'!I21-Graphics!$B$2 -> 0 | C4: ='Analysis-AMY only'!I21-Graphics!$B$2 -> 15.007433 | D4: ='Analysis-AMY only'!I21-Graphics!D$2 -> -31.936953 | E4: ='Analysis-TMY only'!I45-Graphics!E$2 -> 0.3328076 | F4: ='Analysis-AMY only'!I45-Graphics!E$2 -> 2.4080021 | G4: ='Analysis-AMY only'!I45-Graphics!G$2 -> -10.132393 | H4: ='Analysis-TMY only'!I15-Graphics!H$2 -> -82.196984 | I4: ='Analysis-AMY only'!I15-Graphics!H$2 -> -24.572382 | J4: ='Analysis-AMY only'!I15-Graphics!J$2 -> -80.17767 | K4: ='Analysis-TMY only'!I9-Graphics!K$2 -> 8.1157288 | L4: ='Analysis-AMY only'!I9-Graphics!K$2 -> 14.459009 | M4: ='Analysis-AMY only'!I9-Graphics!M$2 -> -7.7763884 | N4: ='Analysis-TMY only'!I3-Graphics!N$2 -> 15.21647 | O4: ='Analysis-AMY only'!I3-Graphics!N$2 -> 28.877028 | P4: ='Analysis-AMY only'!I3-Graphics!P$2 -> 10.883576
A5: =A4+1 -> 2020 | B5: ='Analysis-TMY only'!I22-Graphics!$B$2 -> 0 | C5: ='Analysis-AMY only'!I22-Graphics!$B$2 -> 55.848396 | D5: ='Analysis-AMY only'!I22-Graphics!D$2 -> 8.9040099 | E5: ='Analysis-TMY only'!I46-Graphics!E$2 -> -0.80531324 | F5: ='Analysis-AMY only'!I46-Graphics!E$2 -> -51.749132 | G5: ='Analysis-AMY only'!I46-Graphics!G$2 -> -64.289527 | H5: ='Analysis-TMY only'!I16-Graphics!H$2 -> 104.58405 | I5: ='Analysis-AMY only'!I16-Graphics!H$2 -> 216.14204 | J5: ='Analysis-AMY only'!I16-Graphics!J$2 -> 160.53675 | K5: ='Analysis-TMY only'!I10-Graphics!K$2 -> -12.878392 | L5: ='Analysis-AMY only'!I10-Graphics!K$2 -> 50.865154 | M5: ='Analysis-AMY only'!I10-Graphics!M$2 -> 28.629757 | N5: ='Analysis-TMY only'!I4-Graphics!N$2 -> -30.917858 | O5: ='Analysis-AMY only'!I4-Graphics!N$2 -> -28.175984 | P5: ='Analysis-AMY only'!I4-Graphics!P$2 -> -46.169436
A6: =A5+1 -> 2021 | B6: ='Analysis-TMY only'!I23-Graphics!$B$2 -> 0 | C6: ='Analysis-AMY only'!I23-Graphics!$B$2 -> 62.826044 | D6: ='Analysis-AMY only'!I23-Graphics!D$2 -> 15.881658 | E6: ='Analysis-TMY only'!I47-Graphics!E$2 -> -0.71418038 | F6: ='Analysis-AMY only'!I47-Graphics!E$2 -> 35.783608 | G6: ='Analysis-AMY only'!I47-Graphics!G$2 -> 23.243213 | H6: ='Analysis-TMY only'!I17-Graphics!H$2 -> -16.258224 | I6: ='Analysis-AMY only'!I17-Graphics!H$2 -> 39.863886 | J6: ='Analysis-AMY only'!I17-Graphics!J$2 -> -15.741401 | K6: ='Analysis-TMY only'!I11-Graphics!K$2 -> -6.9545177 | L6: ='Analysis-AMY only'!I11-Graphics!K$2 -> 25.511552 | M6: ='Analysis-AMY only'!I11-Graphics!M$2 -> 3.2761548 | N6: ='Analysis-TMY only'!I5-Graphics!N$2 -> -37.944922 | O6: ='Analysis-AMY only'!I5-Graphics!N$2 -> -47.661249 | P6: ='Analysis-AMY only'!I5-Graphics!P$2 -> -65.654701
A7: =A6+1 -> 2022 | B7: ='Analysis-TMY only'!I24-Graphics!$B$2 -> 0 | C7: ='Analysis-AMY only'!I24-Graphics!$B$2 -> 62.786353 | D7: ='Analysis-AMY only'!I24-Graphics!D$2 -> 15.841967 | E7: ='Analysis-TMY only'!I48-Graphics!E$2 -> 2.9821762 | F7: ='Analysis-AMY only'!I48-Graphics!E$2 -> 45.060826 | G7: ='Analysis-AMY only'!I48-Graphics!G$2 -> 32.520431 | H7: ='Analysis-TMY only'!I18-Graphics!H$2 -> 139.056 | I7: ='Analysis-AMY only'!I18-Graphics!H$2 -> 212.97196 | J7: ='Analysis-AMY only'!I18-Graphics!J$2 -> 157.36667 | K7: ='Analysis-TMY only'!I12-Graphics!K$2 -> -4.3281863 | L7: ='Analysis-AMY only'!I12-Graphics!K$2 -> 18.984088 | M7: ='Analysis-AMY only'!I12-Graphics!M$2 -> -3.251309 | N7: ='Analysis-TMY only'!I6-Graphics!N$2 -> 5.103826 | O7: ='Analysis-AMY only'!I6-Graphics!N$2 -> 55.76126 | P7: ='Analysis-AMY only'!I6-Graphics!P$2 -> 37.767808
A8: =A7+1 -> 2023 | B8: ='Analysis-TMY only'!I25-Graphics!$B$2 -> 0 | C8: ='Analysis-AMY only'!I25-Graphics!$B$2 -> 38.040376 | D8: ='Analysis-AMY only'!I25-Graphics!D$2 -> -8.9040099 | E8: ='Analysis-TMY only'!I49-Graphics!E$2 -> -0.3328076 | F8: ='Analysis-AMY only'!I49-Graphics!E$2 -> 22.672788 | G8: ='Analysis-AMY only'!I49-Graphics!G$2 -> 10.132393 | H8: ='Analysis-TMY only'!I19-Graphics!H$2 -> -193.80324 | I8: ='Analysis-AMY only'!I19-Graphics!H$2 -> -190.82471 | J8: ='Analysis-AMY only'!I19-Graphics!J$2 -> -246.42999 | K8: ='Analysis-TMY only'!I13-Graphics!K$2 -> 4.3281863 | L8: ='Analysis-AMY only'!I13-Graphics!K$2 -> 25.486706 | M8: ='Analysis-AMY only'!I13-Graphics!M$2 -> 3.251309 | N8: ='Analysis-TMY only'!I7-Graphics!N$2 -> -5.103826 | O8: ='Analysis-AMY only'!I7-Graphics!N$2 -> 29.160711 | P8: ='Analysis-AMY only'!I7-Graphics!P$2 -> 11.167259
A10: 2018 | B10: =B3/B$2 -> 0 | C10: =C3/B$2 -> 0.021559246 | D10: =D3/D$2 -> -0.01086048 | E10: =E3/E$2 -> 0.0048095852 | F10: =F3/E$2 -> -0.0358855 | G10: =G3/G$2 -> -0.045199404 | H10: =H3/H$2 -> 0.0058741297 | I10: =I3/H$2 -> 0.025777705 | J10: =J3/J$2 -> 0.0055753893 | K10: =K3/K$2 -> 0.011331194 | L10: =L3/K$2 -> 0.01923709 | M10: =M3/M$2 -> -0.0049546916 | N10: =N3/N$2 -> 0.010004166 | O10: =O3/N$2 -> 0.0087222969 | P10: =P3/P$2 -> -0.013063456
A11: =A10+1 -> 2019 | B11: =B4/B$2 -> 0 | C11: =C4/B$2 -> 0.010477907 | D11: =D4/D$2 -> -0.021590147 | E11: =E4/E$2 -> 0.00025888156 | F11: =F4/E$2 -> 0.0018731163 | G11: =G4/G$2 -> -0.0078055582 | H11: =H4/H$2 -> -0.029697939 | I11: =I4/H$2 -> -0.0088780522 | J11: =J4/J$2 -> -0.028397836 | K11: =K4/K$2 -> 0.0088737591 | L11: =L4/K$2 -> 0.015809518 | M11: =M4/M$2 -> -0.0083009097 | N11: =N4/N$2 -> 0.018667354 | O11: =O4/N$2 -> 0.035425938 | P11: =P4/P$2 -> 0.013063456
A12: =A11+1 -> 2020 | B12: =B5/B$2 -> 0 | C12: =C5/B$2 -> 0.038992298 | D12: =D5/D$2 -> 0.0060193244 | E12: =E5/E$2 -> -0.00062643025 | F12: =F5/E$2 -> -0.040254177 | G12: =G5/G$2 -> -0.049525877 | H12: =H5/H$2 -> 0.037786433 | I12: =I5/H$2 -> 0.078092563 | J12: =J5/J$2 -> 0.056859925 | K12: =K5/K$2 -> -0.014081268 | L12: =L5/K$2 -> 0.055616092 | M12: =M5/M$2 -> 0.030560848 | N12: =N5/N$2 -> -0.0379296 | O12: =O5/N$2 -> -0.034565907 | P12: =P5/P$2 -> -0.055416749
A13: =A12+1 -> 2021 | B13: =B6/B$2 -> 0 | C13: =C6/B$2 -> 0.04386396 | D13: =D6/D$2 -> 0.010736382 | E13: =E6/E$2 -> -0.00055554059 | F13: =F6/E$2 -> 0.02783505 | G13: =G6/G$2 -> 0.017905568 | H13: =H6/H$2 -> -0.0058741297 | I13: =I6/H$2 -> 0.014402904 | J13: =J6/J$2 -> -0.0055753893 | K13: =K6/K$2 -> -0.0076040878 | L13: =L6/K$2 -> 0.027894398 | M13: =M6/M$2 -> 0.0034971331 | N13: =N6/N$2 -> -0.046550305 | O13: =O6/N$2 -> -0.05847016 | P13: =P6/P$2 -> -0.078804733
A14: =A13+1 -> 2022 | B14: =B7/B$2 -> 0 | C14: =C7/B$2 -> 0.043836249 | D14: =D7/D$2 -> 0.01070955 | E14: =E7/E$2 -> 0.00231975 | F14: =F7/E$2 -> 0.035051534 | G14: =G7/G$2 -> 0.025052337 | H14: =H7/H$2 -> 0.050241217 | I14: =I7/H$2 -> 0.076947207 | J14: =J7/J$2 -> 0.055737126 | K14: =K7/K$2 -> -0.0047324502 | L14: =L7/K$2 -> 0.020757252 | M14: =M7/M$2 -> -0.0034706114 | N14: =N7/N$2 -> 0.006261303 | O14: =O7/N$2 -> 0.068407142 | P14: =P7/P$2 -> 0.045332352
A15: =A14+1 -> 2023 | B15: =B8/B$2 -> 0 | C15: =C8/B$2 -> 0.026559074 | D15: =D8/D$2 -> -0.0060193244 | E15: =E8/E$2 -> -0.00025888156 | F15: =F8/E$2 -> 0.017636516 | G15: =G8/G$2 -> 0.0078055582 | H15: =H8/H$2 -> -0.07002151 | I15: =I8/H$2 -> -0.068945359 | J15: =J8/J$2 -> -0.087282139 | K15: =K8/K$2 -> 0.0047324502 | L15: =L8/K$2 -> 0.027867231 | M15: =M8/M$2 -> 0.0034706114 | N15: =N8/N$2 -> -0.006261303 | O15: =O8/N$2 -> 0.035773956 | P15: =P8/P$2 -> 0.013403958
A16: Max diff | B16: {=MAX(ABS(B10:B15))} -> 0 | C16: {=MAX(ABS(C10:C15))} -> 0.04386396 | D16: {=MAX(ABS(D10:D15))} -> 0.021590147 | E16: {=MAX(ABS(E10:E15))} -> 0.0048095852 | F16: {=MAX(ABS(F10:F15))} -> 0.040254177 | G16: {=MAX(ABS(G10:G15))} -> 0.049525877 | H16: {=MAX(ABS(H10:H15))} -> 0.07002151 | I16: {=MAX(ABS(I10:I15))} -> 0.078092563 | ... P16: {=MAX(ABS(P10:P15))} -> 0.078804733
A17: Avg Diff | B17: =AVERAGE(B10:B15) -> 0 | C17: =AVERAGE(C10:C15) -> 0.030881456 | D17: =AVERAGE(D10:D15) -> -0.0018341159 | E17: =AVERAGE(E10:E15) -> 0.00099122739 | F17: =AVERAGE(F10:F15) -> 0.0010427566 | G17: =AVERAGE(G10:G15) -> -0.0086278961 | H17: =AVERAGE(H10:H15) -> -0.0019486331 | I17: =AVERAGE(I10:I15) -> 0.019566161 | ... P17: =AVERAGE(P10:P15) -> -0.012580862
A18: Avg Abs Err | B18: {=AVERAGE(ABS(B10:B15))} -> 0 | C18: {=AVERAGE(ABS(C10:C15))} -> 0.030881456 | D18: {=AVERAGE(ABS(D10:D15))} -> 0.010989201 | E18: {=AVERAGE(ABS(E10:E15))} -> 0.0014715115 | F18: {=AVERAGE(ABS(F10:F15))} -> 0.026422649 | G18: {=AVERAGE(ABS(G10:G15))} -> 0.025549051 | H18: {=AVERAGE(ABS(H10:H15))} -> 0.033249227 | I18: {=AVERAGE(ABS(I10:I15))} -> 0.045507298 | ... P18: {=AVERAGE(ABS(P10:P15))} -> 0.036514118
A20: W Batt | B20: Colorado TMY | C20: AMY/TMY | D20: Colorado AMY | E20: OH TMY | F20: AMY/TMY | G20: OH AMY | H20: CA TMY | I20: AMY/TMY | J20: CA AMY | K20: AZ TMY | L20: AMY/TMY | M20: AZ AMY
A21: Median | B21: =MEDIAN('Analysis-TMY only'!J20:J25) -> 1498.6327 | D21: =MEDIAN('Analysis-AMY only'!J20:J25) -> 1543.5125 | E21: =MEDIAN('Analysis-TMY only'!J44:J49) -> 1285.4296 | G21: =MEDIAN('Analysis-AMY only'!J44:J49) -> 1297.6331 | H21: =MEDIAN('Analysis-TMY only'!J14:J19) -> 3749.8818 | J21: =MEDIAN('Analysis-AMY only'!J14:J19) -> 3814.4133 | K21: =MEDIAN('Analysis-TMY only'!J8:J13) -> 1146.1096 | M21: =MEDIAN('Analysis-AMY only'!J8:J13) -> 1249.8052 | N21: =MEDIAN('Analysis-TMY only'!J2:J7) -> 996.31137 | P21: =MEDIAN('Analysis-AMY only'!J2:J7) -> 988.9654
A22: 2018 | B22: ='Analysis-TMY only'!J20-Graphics!$B$21 -> 0.999 | C22: ='Analysis-AMY only'!J20-Graphics!$B$21 -> 26.364356 | D22: ='Analysis-AMY only'!J20-Graphics!D$21 -> -18.515382 | E22: ='Analysis-TMY only'!J44-Graphics!E$21 -> 6.8193895 | F22: ='Analysis-AMY only'!J44-Graphics!E$21 -> -44.915761 | G22: ='Analysis-AMY only'!J44-Graphics!G$21 -> -57.119241 | H22: ='Analysis-TMY only'!J14-Graphics!H$21 -> 17.574724 | I22: ='Analysis-AMY only'!J14-Graphics!H$21 -> 88.511817 | J22: ='Analysis-AMY only'!J14-Graphics!J$21 -> 23.980239 | K22: ='Analysis-TMY only'!J8-Graphics!K$21 -> -29.082628 | L22: ='Analysis-AMY only'!J8-Graphics!K$21 -> 110.00282 | M22: ='Analysis-AMY only'!J8-Graphics!M$21 -> 6.3073055 | N22: ='Analysis-TMY only'!J2-Graphics!N$21 -> -2.1370143 | O22: ='Analysis-AMY only'!J2-Graphics!N$21 -> -18.093658 | P22: ='Analysis-AMY only'!J2-Graphics!N$21 -> -18.093658
A23: =A22+1 -> 2019 | B23: ='Analysis-TMY only'!J21-Graphics!$B$21 -> -1.899176 | C23: ='Analysis-AMY only'!J21-Graphics!$B$21 -> 9.81257 | D23: ='Analysis-AMY only'!J21-Graphics!D$21 -> -35.067168 | E23: ='Analysis-TMY only'!J45-Graphics!E$21 -> 0.1928125 | F23: ='Analysis-AMY only'!J45-Graphics!E$21 -> 2.9253215 | G23: ='Analysis-AMY only'!J45-Graphics!G$21 -> -9.278159 | H23: ='Analysis-TMY only'!J15-Graphics!H$21 -> -111.13162 | I23: ='Analysis-AMY only'!J15-Graphics!H$21 -> -6.1137605 | J23: ='Analysis-AMY only'!J15-Graphics!J$21 -> -70.645338 | K23: ='Analysis-TMY only'!J9-Graphics!K$21 -> 40.97157 | L23: ='Analysis-AMY only'!J9-Graphics!K$21 -> 97.388207 | M23: ='Analysis-AMY only'!J9-Graphics!M$21 -> -6.3073055 | N23: ='Analysis-TMY only'!J3-Graphics!N$21 -> 2.1370144 | O23: ='Analysis-AMY only'!J3-Graphics!N$21 -> 0.83291595 | P23: ='Analysis-AMY only'!J3-Graphics!N$21 -> 0.83291595
A24: =A23+1 -> 2020 | B24: ='Analysis-TMY only'!J22-Graphics!$B$21 -> 0.746739 | C24: ='Analysis-AMY only'!J22-Graphics!$B$21 -> 58.639515 | D24: ='Analysis-AMY only'!J22-Graphics!D$21 -> 13.759777 | E24: ='Analysis-TMY only'!J46-Graphics!E$21 -> -2.1644335 | F24: ='Analysis-AMY only'!J46-Graphics!E$21 -> -52.64553 | G24: ='Analysis-AMY only'!J46-Graphics!G$21 -> -64.84901 | H24: ='Analysis-TMY only'!J16-Graphics!H$21 -> 61.056734 | I24: ='Analysis-AMY only'!J16-Graphics!H$21 -> 222.36667 | J24: ='Analysis-AMY only'!J16-Graphics!J$21 -> 157.8351 | K24: ='Analysis-TMY only'!J10-Graphics!K$21 -> -57.058873 | L24: ='Analysis-AMY only'!J10-Graphics!K$21 -> 111.8893 | M24: ='Analysis-AMY only'!J10-Graphics!M$21 -> 8.1937865 | N24: ='Analysis-TMY only'!J4-Graphics!N$21 -> -17.053683 | O24: ='Analysis-AMY only'!J4-Graphics!N$21 -> -22.454941 | P24: ='Analysis-AMY only'!J4-Graphics!N$21 -> -22.454941
A25: =A24+1 -> 2021 | B25: ='Analysis-TMY only'!J23-Graphics!$B$21 -> 0.150508 | C25: ='Analysis-AMY only'!J23-Graphics!$B$21 -> 58.386155 | D25: ='Analysis-AMY only'!J23-Graphics!D$21 -> 13.506417 | E25: ='Analysis-TMY only'!J47-Graphics!E$21 -> -1.2328625 | F25: ='Analysis-AMY only'!J47-Graphics!E$21 -> 37.228867 | G25: ='Analysis-AMY only'!J47-Graphics!G$21 -> 25.025387 | H25: ='Analysis-TMY only'!J17-Graphics!H$21 -> -17.574725 | I25: ='Analysis-AMY only'!J17-Graphics!H$21 -> 40.551338 | J25: ='Analysis-AMY only'!J17-Graphics!J$21 -> -23.98024 | K25: ='Analysis-TMY only'!J11-Graphics!K$21 -> 55.98299 | L25: ='Analysis-AMY only'!J11-Graphics!K$21 -> 88.739299 | M25: ='Analysis-AMY only'!J11-Graphics!M$21 -> -14.956213 | N25: ='Analysis-TMY only'!J5-Graphics!N$21 -> -2.7634124 | O25: ='Analysis-AMY only'!J5-Graphics!N$21 -> -15.524855 | P25: ='Analysis-AMY only'!J5-Graphics!N$21 -> -15.524855
A26: =A25+1 -> 2022 | B26: ='Analysis-TMY only'!J24-Graphics!$B$21 -> -0.150508 | C26: ='Analysis-AMY only'!J24-Graphics!$B$21 -> 55.426553 | D26: ='Analysis-AMY only'!J24-Graphics!D$21 -> 10.546815 | E26: ='Analysis-TMY only'!J48-Graphics!E$21 -> 2.8122015 | F26: ='Analysis-AMY only'!J48-Graphics!E$21 -> 45.623114 | G26: ='Analysis-AMY only'!J48-Graphics!G$21 -> 33.419633 | H26: ='Analysis-TMY only'!J18-Graphics!H$21 -> 117.43519 | I26: ='Analysis-AMY only'!J18-Graphics!H$21 -> 217.50308 | J26: ='Analysis-AMY only'!J18-Graphics!J$21 -> 152.9715 | K26: ='Analysis-TMY only'!J12-Graphics!K$21 -> 16.452412 | L26: ='Analysis-AMY only'!J12-Graphics!K$21 -> 118.4822 | M26: ='Analysis-AMY only'!J12-Graphics!M$21 -> 14.786689 | N26: ='Analysis-TMY only'!J6-Graphics!N$21 -> 13.573341 | O26: ='Analysis-AMY only'!J6-Graphics!N$21 -> 58.113542 | P26: ='Analysis-AMY only'!J6-Graphics!N$21 -> 58.113542
A27: =A26+1 -> 2023 | B27: ='Analysis-TMY only'!J25-Graphics!$B$21 -> -2.215539 | C27: ='Analysis-AMY only'!J25-Graphics!$B$21 -> 34.332923 | D27: ='Analysis-AMY only'!J25-Graphics!D$21 -> -10.546815 | E27: ='Analysis-TMY only'!J49-Graphics!E$21 -> -0.1928125 | F27: ='Analysis-AMY only'!J49-Graphics!E$21 -> 21.48164 | G27: ='Analysis-AMY only'!J49-Graphics!G$21 -> 9.278159 | H27: ='Analysis-TMY only'!J19-Graphics!H$21 -> -227.06374 | I27: ='Analysis-AMY only'!J19-Graphics!H$21 -> -227.66455 | J27: ='Analysis-AMY only'!J19-Graphics!J$21 -> -292.19613 | K27: ='Analysis-TMY only'!J13-Graphics!K$21 -> -16.452412 | L27: ='Analysis-AMY only'!J13-Graphics!K$21 -> 94.166294 | M27: ='Analysis-AMY only'!J13-Graphics!M$21 -> -9.5292185 | N27: ='Analysis-TMY only'!J7-Graphics!N$21 -> 7.1048621 | O27: ='Analysis-AMY only'!J7-Graphics!N$21 -> 52.564643 | P27: ='Analysis-AMY only'!J7-Graphics!N$21 -> 52.564643
A29: 2018 | B29: =B22/B$21 -> 0.00066660761 | C29: =C22/B$21 -> 0.017592273 | D29: =D22/D$21 -> -0.011995615 | E29: =E22/E$21 -> 0.0053051441 | F29: =F22/E$21 -> -0.034942216 | G29: =G22/G$21 -> -0.04401802 | H29: =H22/H$21 -> 0.004686741 | I29: =I22/H$21 -> 0.023603896 | J29: =J22/J$21 -> 0.0062867438 | K29: =K22/K$21 -> -0.025375084 | L29: =L22/K$21 -> 0.095979315 | M29: =M22/M$21 -> 0.0050466311 | N29: =N22/N$21 -> -0.0021449262 | O29: =O22/N$21 -> -0.018160646 | P29: =P22/P$21 -> -0.018295542
A30: =A29+1 -> 2019 | B30: =B23/B$21 -> -0.0012672725 | C30: =C23/B$21 -> 0.0065476816 | D30: =D23/D$21 -> -0.02271907 | E30: =E23/E$21 -> 0.00014999849 | F30: =F23/E$21 -> 0.0022757539 | G30: =G23/G$21 -> -0.0071500634 | H30: =H23/H$21 -> -0.029636034 | I30: =I23/H$21 -> -0.0016303875 | J30: =J23/J$21 -> -0.01852063 | K30: =K23/K$21 -> 0.035748386 | L30: =L23/K$21 -> 0.084972854 | M30: =M23/M$21 -> -0.0050466311 | N30: =N23/N$21 -> 0.0021449262 | O30: =O23/N$21 -> 0.00083599964 | P30: =P23/P$21 -> 0.00084220939
A31: =A30+1 -> 2020 | B31: =B24/B$21 -> 0.00049828018 | C31: =C24/B$21 -> 0.039128676 | D31: =D24/D$21 -> 0.0089145874 | E31: =E24/E$21 -> -0.0016838211 | F31: =F24/E$21 -> -0.04095559 | G31: =G24/G$21 -> -0.049974842 | H31: =H24/H$21 -> 0.016282309 | I31: =I24/H$21 -> 0.059299649 | J31: =J24/J$21 -> 0.041378603 | K31: =K24/K$21 -> -0.04978483 | L31: =L24/K$21 -> 0.097625301 | M31: =M24/M$21 -> 0.0065560511 | N31: =N24/N$21 -> -0.01711682 | O31: =O24/N$21 -> -0.022538076 | P31: =P24/P$21 -> -0.022705487
A32: =A31+1 -> 2021 | B32: =B25/B$21 -> 0.00010043021 | C32: =C25/B$21 -> 0.038959615 | D32: =D25/D$21 -> 0.0087504423 | E32: =E25/E$21 -> -0.0009591054 | F32: =F25/E$21 -> 0.028962198 | G32: =G25/G$21 -> 0.01928541 | H32: =H25/H$21 -> -0.004686741 | I32: =I25/H$21 -> 0.010814031 | J32: =J25/J$21 -> -0.0062867438 | K32: =K25/K$21 -> 0.048846103 | L32: =L25/K$21 -> 0.077426536 | M32: =M25/M$21 -> -0.011966836 | N32: =N25/N$21 -> -0.0027736434 | O32: =O25/N$21 -> -0.015582332 | P32: =P25/P$21 -> -0.015698077
A33: =A32+1 -> 2022 | B33: =B26/B$21 -> -0.00010043021 | C33: =C26/B$21 -> 0.036984747 | D33: =D26/D$21 -> 0.0068329962 | E33: =E26/E$21 -> 0.0021877522 | F33: =F26/E$21 -> 0.035492502 | G33: =G26/G$21 -> 0.0257543 | H33: =H26/H$21 -> 0.031317039 | I33: =I26/H$21 -> 0.05800265 | J33: =J26/J$21 -> 0.040103546 | K33: =K26/K$21 -> 0.014355007 | L33: =L26/K$21 -> 0.10337772 | M33: =M26/M$21 -> 0.011831196 | N33: =N26/N$21 -> 0.013623593 | O33: =O26/N$21 -> 0.058328695 | P33: =P26/P$21 -> 0.058761956
A34: =A33+1 -> 2023 | B34: =B27/B$21 -> -0.0014783735 | C34: =C27/B$21 -> 0.022909497 | D34: =D27/D$21 -> -0.0068329962 | E34: =E27/E$21 -> -0.00014999849 | F34: =F27/E$21 -> 0.016711642 | G34: =G27/G$21 -> 0.0071500634 | H34: =H27/H$21 -> -0.06055224 | I34: =I27/H$21 -> -0.060712461 | J34: =J27/J$21 -> -0.076603164 | K34: =K27/K$21 -> -0.014355007 | L34: =L27/K$21 -> 0.082161681 | M34: =M27/M$21 -> -0.0076245633 | N34: =N27/N$21 -> 0.0071311663 | O34: =O27/N$21 -> 0.052759252 | P34: =P27/P$21 -> 0.053151144
A35: Max diff | B35: {=MAX(ABS(B29:B34))} -> 0.0014783735 | C35: {=MAX(ABS(C29:C34))} -> 0.039128676 | D35: {=MAX(ABS(D29:D34))} -> 0.02271907 | E35: {=MAX(ABS(E29:E34))} -> 0.0053051441 | F35: {=MAX(ABS(F29:F34))} -> 0.04095559 | G35: {=MAX(ABS(G29:G34))} -> 0.049974842 | H35: {=MAX(ABS(H29:H34))} -> 0.06055224 | I35: {=MAX(ABS(I29:I34))} -> 0.060712461 | ... P35: {=MAX(ABS(P29:P34))} -> 0.058761956
A36: Avg Diff | B36: =AVERAGE(B29:B34) -> -0.0002634597 | C36: =AVERAGE(C29:C34) -> 0.027020415 | D36: =AVERAGE(D29:D34) -> -0.0028416092 | E36: =AVERAGE(E29:E34) -> 0.00080832831 | F36: =AVERAGE(F29:F34) -> 0.0012573814 | G36: =AVERAGE(G29:G34) -> -0.0081588586 | H36: =AVERAGE(H29:H34) -> -0.0070981542 | I36: =AVERAGE(I29:I34) -> 0.01489623 | ... P36: =AVERAGE(P29:P34) -> 0.0093427006
A37: Avg Abs Err | B37: {=AVERAGE(ABS(B29:B34))} -> 0.00068523237 | C37: {=AVERAGE(ABS(C29:C34))} -> 0.027020415 | D37: {=AVERAGE(ABS(D29:D34))} -> 0.011007618 | E37: {=AVERAGE(ABS(E29:E34))} -> 0.0017393033 | F37: {=AVERAGE(ABS(F29:F34))} -> 0.02655665 | G37: {=AVERAGE(ABS(G29:G34))} -> 0.02555545 | H37: {=AVERAGE(ABS(H29:H34))} -> 0.024526851 | I37: {=AVERAGE(ABS(I29:I34))} -> 0.035677179 | ... P37: {=AVERAGE(ABS(P29:P34))} -> 0.028242403
A39: Load Diffs | B39: CO | C39: OH | D39: CA | E39: AZ
A40: Median | B40: =MEDIAN('Analysis-AMY only'!N20:N25) -> 11058.065 | C40: =MEDIAN('Analysis-AMY only'!N44:N49) -> 10340.517 | D40: =MEDIAN('Analysis-AMY only'!N14:N19) -> 10887.383 | E40: =MEDIAN('Analysis-AMY only'!N8:N13) -> 12411.304
A41: 2018 | B41: ='Analysis-AMY only'!N20-Graphics!B$40 -> -15.83828 | C41: ='Analysis-AMY only'!N44-Graphics!C$40 -> 423.41758 | D41: ='Analysis-AMY only'!N14-Graphics!D$40 -> 121.89973 | E41: ='Analysis-AMY only'!N8-Graphics!E$40 -> -4.7074515
A42: =A41+1 -> 2019 | B42: ='Analysis-AMY only'!N21-Graphics!B$40 -> -92.212936 | C42: ='Analysis-AMY only'!N45-Graphics!C$40 -> 130.09127 | D42: ='Analysis-AMY only'!N15-Graphics!D$40 -> -430.38282 | E42: ='Analysis-AMY only'!N9-Graphics!E$40 -> -202.01632
A43: =A42+1 -> 2020 | B43: ='Analysis-AMY only'!N22-Graphics!B$40 -> 46.554968 | C43: ='Analysis-AMY only'!N46-Graphics!C$40 -> -26.475796 | D43: ='Analysis-AMY only'!N16-Graphics!D$40 -> 648.40954 | E43: ='Analysis-AMY only'!N10-Graphics!E$40 -> 595.44446
A44: =A43+1 -> 2021 | B44: ='Analysis-AMY only'!N23-Graphics!B$40 -> 15.83828 | C44: ='Analysis-AMY only'!N47-Graphics!C$40 -> 26.475796 | D44: ='Analysis-AMY only'!N17-Graphics!D$40 -> -121.89973 | E44: ='Analysis-AMY only'!N11-Graphics!E$40 -> 4.7074515
A45: =A44+1 -> 2022 | B45: ='Analysis-AMY only'!N24-Graphics!B$40 -> 77.228124 | C45: ='Analysis-AMY only'!N48-Graphics!C$40 -> -26.700297 | D45: ='Analysis-AMY only'!N18-Graphics!D$40 -> 819.54438 | E45: ='Analysis-AMY only'!N12-Graphics!E$40 -> 22.309738
A46: =A45+1 -> 2023 | B46: ='Analysis-AMY only'!N25-Graphics!B$40 -> -238.37841 | C46: ='Analysis-AMY only'!N49-Graphics!C$40 -> -145.0538 | D46: ='Analysis-AMY only'!N19-Graphics!D$40 -> -910.07342 | E46: ='Analysis-AMY only'!N13-Graphics!E$40 -> -7.2785079
A48: 2018 | B48: =B41/B$40 -> -0.0014322832 | C48: =C41/B$40 -> 0.038290387 | D48: =D41/D$40 -> 0.011196422 | E48: =E41/D$40 -> -0.00043237678
A49: =A48+1 -> 2019 | B49: =B42/B$40 -> -0.008338976 | C49: =C42/B$40 -> 0.01176438 | D49: =D42/D$40 -> -0.039530421 | E49: =E42/D$40 -> -0.018555086
A50: =A49+1 -> 2020 | B50: =B43/B$40 -> 0.0042100466 | C50: =C43/B$40 -> -0.0023942523 | D50: =D43/D$40 -> 0.059556053 | E50: =E43/D$40 -> 0.05469124
A51: =A50+1 -> 2021 | B51: =B44/B$40 -> 0.0014322832 | C51: =C44/B$40 -> 0.0023942523 | D51: =D44/D$40 -> -0.011196422 | E51: =E44/D$40 -> 0.00043237678
A52: =A51+1 -> 2022 | B52: =B45/B$40 -> 0.0069838734 | C52: =C45/B$40 -> -0.0024145543 | D52: =D45/D$40 -> 0.075274692 | E52: =E45/D$40 -> 0.002049137
A53: =A52+1 -> 2023 | B53: =B46/B$40 -> -0.021556974 | C53: =C46/B$40 -> -0.013117467 | D53: =D46/D$40 -> -0.083589735 | E53: =E46/D$40 -> -0.00066852688
A54: Max diff | B54: {=MAX(ABS(B48:B53))} -> 0.021556974 | C54: {=MAX(ABS(C48:C53))} -> 0.038290387 | D54: {=MAX(ABS(D48:D53))} -> 0.083589735 | E54: {=MAX(ABS(E48:E53))} -> 0.05469124
A55: Avg Diff | B55: =AVERAGE(B48:B53) -> -0.003117005 | C55: =AVERAGE(C48:C53) -> 0.005753791 | D55: =AVERAGE(D48:D53) -> 0.0019517649 | E55: =AVERAGE(E48:E53) -> 0.006252794
A56: Avg Abs Err | B56: {=AVERAGE(ABS(B48:B53))} -> 0.0073257394 | C56: {=AVERAGE(ABS(C48:C53))} -> 0.011729215 | D56: {=AVERAGE(ABS(D48:D53))} -> 0.046723958 | E56: {=AVERAGE(ABS(E48:E53))} -> 0.012804791
A59: Energy Diff | B59: CO | C59: OH | D59: CA | E59: AZ | F59: AL
B60: ='Analysis-TMY only'!L20 -> 9971.3267 | C60: ='Analysis-TMY only'!L44 -> 8065.7317 | D60: ='Analysis-TMY only'!L14 -> 11233.731 | E60: ='Analysis-TMY only'!L8 -> 11330.222 | F60: ='Analysis-TMY only'!L2 -> 9041.8682
A61: Median | B61: =MEDIAN('Analysis-AMY only'!O20:O25) -> 10291.135 | C61: =MEDIAN('Analysis-AMY only'!O44:O49) -> 8127.1037 | D61: =MEDIAN('Analysis-AMY only'!O14:O19) -> 11258.267 | E61: =MEDIAN('Analysis-AMY only'!O8:O13) -> 11419.449
A62: 2018 | B62: ='Analysis-AMY only'!O20-Graphics!B$61 -> -158.71497 | C62: ='Analysis-AMY only'!O44-Graphics!C$61 -> -395.38397 | D62: ='Analysis-AMY only'!O14-Graphics!D$61 -> 21.124337 | E62: ='Analysis-AMY only'!O8-Graphics!E$61 -> -107.37284
A63: =A62+1 -> 2019 | B63: ='Analysis-AMY only'!O21-Graphics!B$61 -> -226.28667 | C63: ='Analysis-AMY only'!O45-Graphics!C$61 -> -95.607574 | D63: ='Analysis-AMY only'!O15-Graphics!D$61 -> -91.31412 | E63: ='Analysis-AMY only'!O9-Graphics!E$61 -> -82.661636
A64: =A63+1 -> 2020 | B64: ='Analysis-AMY only'!O22-Graphics!B$61 -> 121.63052 | C64: ='Analysis-AMY only'!O46-Graphics!C$61 -> -426.09896 | D64: ='Analysis-AMY only'!O16-Graphics!D$61 -> 299.83829 | E64: ='Analysis-AMY only'!O10-Graphics!E$61 -> 436.4235
A65: =A64+1 -> 2021 | B65: ='Analysis-AMY only'!O23-Graphics!B$61 -> 72.508948 | C65: ='Analysis-AMY only'!O47-Graphics!C$61 -> 224.77755 | D65: ='Analysis-AMY only'!O17-Graphics!D$61 -> -21.124337 | E65: ='Analysis-AMY only'!O11-Graphics!E$61 -> 24.026518
A66: =A65+1 -> 2022 | B66: ='Analysis-AMY only'!O24-Graphics!B$61 -> 128.75815 | C66: ='Analysis-AMY only'!O48-Graphics!C$61 -> 208.05819 | D66: ='Analysis-AMY only'!O18-Graphics!D$61 -> 422.99045 | E66: ='Analysis-AMY only'!O12-Graphics!E$61 -> -24.026518
A67: =A66+1 -> 2023 | B67: ='Analysis-AMY only'!O25-Graphics!B$61 -> -72.508948 | C67: ='Analysis-AMY only'!O49-Graphics!C$61 -> 95.607574 | D67: ='Analysis-AMY only'!O19-Graphics!D$61 -> -689.62268 | E67: ='Analysis-AMY only'!O13-Graphics!E$61 -> 140.38928
A69: 2018 | B69: =B62/B$61 -> -0.015422494 | C69: =C62/B$61 -> -0.038419862 | D69: =D62/D$61 -> 0.0018763399 | E69: =E62/D$61 -> -0.0095372439
A70: =A69+1 -> 2019 | B70: =B63/B$61 -> -0.021988506 | C70: =C63/B$61 -> -0.009290285 | D70: =D63/D$61 -> -0.0081108502 | E70: =E63/D$61 -> -0.0073423053
A71: =A70+1 -> 2020 | B71: =B64/B$61 -> 0.011818961 | C71: =C64/B$61 -> -0.041404469 | D71: =D64/D$61 -> 0.02663272 | E71: =E64/D$61 -> 0.038764713
A72: =A71+1 -> 2021 | B72: =B65/B$61 -> 0.0070457681 | C72: =C65/B$61 -> 0.021841863 | D72: =D65/D$61 -> -0.0018763399 | E72: =E65/D$61 -> 0.0021341222
A73: =A72+1 -> 2022 | B73: =B66/B$61 -> 0.01251156 | C73: =C66/B$61 -> 0.020217225 | D73: =D66/D$61 -> 0.03757154 | E73: =E66/D$61 -> -0.0021341222
A74: =A73+1 -> 2023 | B74: =B67/B$61 -> -0.0070457681 | C74: =C67/B$61 -> 0.009290285 | D74: =D67/D$61 -> -0.061254779 | E74: =E67/D$61 -> 0.012469883
A75: Max diff | B75: {=MAX(ABS(B69:B74))} -> 0.021988506 | C75: {=MAX(ABS(C69:C74))} -> 0.041404469 | D75: {=MAX(ABS(D69:D74))} -> 0.061254779 | E75: {=MAX(ABS(E69:E74))} -> 0.038764713
A76: Avg Diff | B76: =AVERAGE(B69:B74) -> -0.0021800798 | C76: =AVERAGE(C69:C74) -> -0.006294207 | D76: =AVERAGE(D69:D74) -> -0.0008602281 | E76: =AVERAGE(E69:E74) -> 0.0057258412
A77: Avg Abs Err | B77: {=AVERAGE(ABS(B69:B74))} -> 0.012638843 | C77: {=AVERAGE(ABS(C69:C74))} -> 0.023410665 | D77: {=AVERAGE(ABS(D69:D74))} -> 0.022887095 | E77: {=AVERAGE(ABS(E69:E74))} -> 0.012063732
A78: Vs TMY | B78: CO | C78: OH | D78: CA | E78: AZ | F78: AL
A79: 2018 | B79: ='Analysis-AMY only'!O20-Graphics!B$60 -> 161.09299 | C79: ='Analysis-AMY only'!O44-Graphics!C$60 -> -334.01196 | D79: ='Analysis-AMY only'!O14-Graphics!D$60 -> 45.660253 | E79: ='Analysis-AMY only'!O8-Graphics!E$60 -> -18.146677 | F79: ='Analysis-AMY only'!O2-Graphics!F$60 -> -420.73762
A80: =A79+1 -> 2019 | B80: ='Analysis-AMY only'!O21-Graphics!B$60 -> 93.521284 | C80: ='Analysis-AMY only'!O45-Graphics!C$60 -> -34.235564 | D80: ='Analysis-AMY only'!O15-Graphics!D$60 -> -66.778204 | E80: ='Analysis-AMY only'!O9-Graphics!E$60 -> 6.5645279 | F80: ='Analysis-AMY only'!O3-Graphics!F$60 -> -325.12381
A81: =A80+1 -> 2020 | B81: ='Analysis-AMY only'!O22-Graphics!B$60 -> 441.43848 | C81: ='Analysis-AMY only'!O46-Graphics!C$60 -> -364.72695 | D81: ='Analysis-AMY only'!O16-Graphics!D$60 -> 324.3742 | E81: ='Analysis-AMY only'!O10-Graphics!E$60 -> 525.64967 | F81: ='Analysis-AMY only'!O4-Graphics!F$60 -> -407.13015
A82: =A81+1 -> 2021 | B82: ='Analysis-AMY only'!O23-Graphics!B$60 -> 392.3169 | C82: ='Analysis-AMY only'!O47-Graphics!C$60 -> 286.14956 | D82: ='Analysis-AMY only'!O17-Graphics!D$60 -> 3.4115802 | E82: ='Analysis-AMY only'!O11-Graphics!E$60 -> 113.25268 | F82: ='Analysis-AMY only'!O5-Graphics!F$60 -> -194.59786
A83: =A82+1 -> 2022 | B83: ='Analysis-AMY only'!O24-Graphics!B$60 -> 448.56611 | C83: ='Analysis-AMY only'!O48-Graphics!C$60 -> 269.4302 | D83: ='Analysis-AMY only'!O18-Graphics!D$60 -> 447.52636 | E83: ='Analysis-AMY only'!O12-Graphics!E$60 -> 65.199646 | F83: ='Analysis-AMY only'!O6-Graphics!F$60 -> 482.6483
A84: =A83+1 -> 2023 | B84: ='Analysis-AMY only'!O25-Graphics!B$60 -> 247.29901 | C84: ='Analysis-AMY only'!O49-Graphics!C$60 -> 156.97958 | D84: ='Analysis-AMY only'!O19-Graphics!D$60 -> -665.08676 | E84: ='Analysis-AMY only'!O13-Graphics!E$60 -> 229.61544 | F84: ='Analysis-AMY only'!O7-Graphics!F$60 -> 208.39519
A86: 2018 | B86: =B79/B$60 -> 0.016155623 | C86: =C79/C$60 -> -0.041411241 | D86: =D79/D$60 -> 0.0040645669 | E86: =E79/E$60 -> -0.0016016171 | F86: =F79/F$60 -> -0.046532156
A87: =A86+1 -> 2019 | B87: =B80/B$60 -> 0.0093790211 | C87: =C80/C$60 -> -0.0042445701 | D87: =D80/D$60 -> -0.0059444365 | E87: =E80/E$60 -> 0.00057938209 | F87: =F80/F$60 -> -0.035957593
A88: =A87+1 -> 2020 | B88: =B81/B$60 -> 0.044270787 | C88: =C81/C$60 -> -0.045219326 | D88: =D81/D$60 -> 0.028875019 | E88: =E81/E$60 -> 0.046393588 | F88: =F81/F$60 -> -0.045027216
A89: =A88+1 -> 2021 | B89: =B82/B$60 -> 0.039344504 | C89: =C82/C$60 -> 0.035477198 | D89: =D82/D$60 -> 0.00030369074 | E89: =E82/E$60 -> 0.0099956274 | F89: =F82/F$60 -> -0.021521865
A90: =A89+1 -> 2022 | B90: =B83/B$60 -> 0.044985599 | C90: =C83/C$60 -> 0.033404309 | D90: =D83/D$60 -> 0.03983773 | E90: =E83/E$60 -> 0.0057544895 | F90: =F83/F$60 -> 0.053379267
A91: =A90+1 -> 2023 | B91: =B84/B$60 -> 0.024801014 | C91: =C84/C$60 -> 0.019462535 | D91: =D84/D$60 -> -0.059204439 | E91: =E84/E$60 -> 0.020265749 | F91: =F84/F$60 -> 0.023047802
A92: Max diff | B92: {=MAX(ABS(B86:B91))} -> 0.044985599 | C92: {=MAX(ABS(C86:C91))} -> 0.045219326 | D92: {=MAX(ABS(D86:D91))} -> 0.059204439 | E92: {=MAX(ABS(E86:E91))} -> 0.046393588 | F92: {=MAX(ABS(F86:F91))} -> 0.053379267
A93: Avg Diff | B93: =AVERAGE(B86:B91) -> 0.029822758 | C93: =AVERAGE(C86:C91) -> -0.0004218491 | D93: =AVERAGE(D86:D91) -> 0.0013220219 | E93: =AVERAGE(E86:E91) -> 0.013564536 | F93: =AVERAGE(F86:F91) -> -0.01210196
A94: Avg Abs Err | B94: {=AVERAGE(ABS(B86:B91))} -> 0.029822758 | C94: {=AVERAGE(ABS(C86:C91))} -> 0.029869863 | D94: {=AVERAGE(ABS(D86:D91))} -> 0.023038314 | E94: {=AVERAGE(ABS(E86:E91))} -> 0.014098409 | F94: {=AVERAGE(ABS(F86:F91))} -> 0.03757765
B95: CO | C95: OH | D95: CA | E95: AZ | F95: AL
A96: Diff vs bill savings (PV only) | B96: =C17-B93 -> 0.0010586976 | C96: =F17-C93 -> 0.0014646057 | D96: =I17-D93 -> 0.01824414 | E96: =L17-E93 -> 0.01429906 | F96: =O17-F93 -> 0.021317504
A97: Diff vs bill savings (w/ battery) | B97: =C36-B93 -> -0.002802343 | C97: =E36-C93 -> 0.0012301774 | D97: =I36-D93 -> 0.013574208 | E97: =L36-E96 -> 0.075958174 | F97: =O36-F93 -> 0.021375775

Sheet pv_only
A1: state_long | B1: state_short | C1: utility | D1: building_id | E1: latitude | F1: longitude | G1: year | H1: run_type | I1: savings_year1 | J1: annual_energy | K1: npv | L1: year_1_bill | M1: annual_load
A2: alabama | B2: AL | C2: apc | D2: 46496 | E2: 33.56 | F2: -86.75 | G2: 2018 | H2: tmy | I2: 823.29277 | J2: 9041.8682 | K2: -13137.895 | L2: 1084.9327 | M2: 11472.695
A3: alabama | B3: AL | C3: apc | D3: 46496 | E3: 33.56 | F3: -86.75 | G3: 2018 | H3: amy | I3: 822.24787 | J3: 8621.1306 | K3: -13159.448 | L3: 1085.9776 | M3: 11472.695
A4: alabama | B4: AL | C4: apc | D4: 46496 | E4: 33.56 | F4: -86.75 | G4: 2019 | H4: tmy | I4: 830.35446 | J4: 9041.8682 | K4: -13061.853 | L4: 1160.0128 | M4: 11894.363
A5: alabama | B5: AL | C5: apc | D5: 46496 | E5: 33.56 | F5: -86.75 | G5: 2019 | H5: amy | I5: 844.01502 | J5: 8716.7444 | K5: -12909.086 | L5: 1146.3522 | M5: 11894.363
A6: alabama | B6: AL | C6: apc | D6: 46496 | E6: 33.56 | F6: -86.75 | G6: 2020 | H6: tmy | I6: 784.22013 | J6: 9041.8682 | K6: -13581.195 | L6: 946.96551 | M6: 10144.622
A7: alabama | B7: AL | C7: apc | D7: 46496 | E7: 33.56 | F7: -86.75 | G7: 2020 | H7: amy | I7: 786.96201 | J7: 8634.7381 | K7: -13558.2 | L7: 944.22363 | M7: 10144.622
A8: alabama | B8: AL | C8: apc | D8: 46496 | E8: 33.56 | F8: -86.75 | G8: 2021 | H8: tmy | I8: 777.19307 | J8: 9041.8682 | K8: -13653.71 | L8: 831.29847 | M8: 9454.1004
A9: alabama | B9: AL | C9: apc | D9: 46496 | E9: 33.56 | F9: -86.75 | G9: 2021 | H9: amy | I9: 767.47674 | J9: 8847.2704 | K9: -13767.589 | L9: 841.0148 | M9: 9454.1004
A10: alabama | B10: AL | C10: apc | D10: 46496 | E10: 33.56 | F10: -86.75 | G10: 2022 | H10: tmy | I10: 820.24182 | J10: 9041.8682 | K10: -13175.863 | L10: 1064.6844 | M10: 11166.917
A11: alabama | B11: AL | C11: apc | D11: 46496 | E11: 33.56 | F11: -86.75 | G11: 2022 | H11: amy | I11: 870.89925 | J11: 9524.5165 | K11: -12586.969 | L11: 1014.0269 | M11: 11166.917
A12: alabama | B12: AL | C12: apc | D12: 46496 | E12: 33.56 | F12: -86.75 | G12: 2023 | H12: tmy | I12: 810.03416 | J12: 9041.8682 | K12: -13289.117 | L12: 1038.5093 | M12: 10870.759
A13: alabama | B13: AL | C13: apc | D13: 46496 | E13: 33.56 | F13: -86.75 | G13: 2023 | H13: amy | I13: 844.2987 | J13: 9250.2634 | K13: -12894.364 | L13: 1004.2448 | M13: 10870.759
... A145: wisconsin | B145: WI | C145: we_energies | D145: 467842 | E145: 42.95 | F145: -87.9 | G145: 2023 | H145: amy | I145: 1353.0336 | J145: 8143.4266 | K145: -7035.7196 | L145: 490.19945 | M145: 10714.602

Sheet pv_plus_batt
A1: state_long | B1: state_short | C1: utility | D1: building_id | E1: latitude | F1: longitude | G1: year | H1: run_type | I1: savings_year1 | J1: annual_energy | K1: npv | L1: year_1_bill | M1: annual_energy
A2: alabama | B2: AL | C2: apc | D2: 46496 | E2: 33.56 | F2: -86.75 | G2: 2018 | H2: tmy | I2: 994.17436 | J2: 8893.0535 | K2: -11318.081 | L2: 914.05113 | M2: 11472.695
A3: alabama | B3: AL | C3: apc | D3: 46496 | E3: 33.56 | F3: -86.75 | G3: 2018 | H3: amy | I3: 978.21772 | J3: 8488.8643 | K3: -11468.075 | L3: 930.00777 | M3: 11472.695
A4: alabama | B4: AL | C4: apc | D4: 46496 | E4: 33.56 | F4: -86.75 | G4: 2019 | H4: tmy | I4: 998.44839 | J4: 8891.4772 | K4: -11243.75 | L4: 991.91886 | M4: 11894.363
A5: alabama | B5: AL | C5: apc | D5: 46496 | E5: 33.56 | F5: -86.75 | G5: 2019 | H5: amy | I5: 997.14429 | J5: 8578.6294 | K5: -11261.25 | L5: 993.22296 | M5: 11894.363
A6: alabama | B6: AL | C6: apc | D6: 46496 | E6: 33.56 | F6: -86.75 | G6: 2020 | H6: tmy | I6: 979.25769 | J6: 8879.8947 | K6: -11508.348 | L6: 751.92795 | M6: 10144.622
A7: alabama | B7: AL | C7: apc | D7: 46496 | E7: 33.56 | F7: -86.75 | G7: 2020 | H7: amy | I7: 973.85643 | J7: 8483.8302 | K7: -11554.037 | L7: 757.32921 | M7: 10144.622
A8: alabama | B8: AL | C8: apc | D8: 46496 | E8: 33.56 | F8: -86.75 | G8: 2021 | H8: tmy | I8: 993.54796 | J8: 8867.862 | K8: -11374.97 | L8: 614.94358 | M8: 9454.1004
A9: alabama | B9: AL | C9: apc | D9: 46496 | E9: 33.56 | F9: -86.75 | G9: 2021 | H9: amy | I9: 980.78652 | J9: 8679.9579 | K9: -11505.94 | L9: 627.70502 | M9: 9454.1004
A10: alabama | B10: AL | C10: apc | D10: 46496 | E10: 33.56 | F10: -86.75 | G10: 2022 | H10: tmy | I10: 1009.8847 | J10: 8884.3899 | K10: -11131.131 | L10: 875.04147 | M10: 11166.917
A11: alabama | B11: AL | C11: apc | D11: 46496 | E11: 33.56 | F11: -86.75 | G11: 2022 | H11: amy | I11: 1054.4249 | J11: 9365.9185 | K11: -10628.543 | L11: 830.50127 | M11: 11166.917
A12: alabama | B12: AL | C12: apc | D12: 46496 | E12: 33.56 | F12: -86.75 | G12: 2023 | H12: tmy | I12: 1003.4162 | J12: 8879.5458 | K12: -11225.358 | L12: 845.12725 | M12: 10870.759
A13: alabama | B13: AL | C13: apc | D13: 46496 | E13: 33.56 | F13: -86.75 | G13: 2023 | H13: amy | I13: 1048.876 | J13: 9082.9753 | K13: -10712.161 | L13: 799.66747 | M13: 10870.759
... A145: wisconsin | B145: WI | C145: we_energies | D145: 467842 | E145: 42.95 | F145: -87.9 | G145: 2023 | H145: amy | I145: 1353.7599 | J145: 8141.3066 | K145: -7032.0166 | L145: 489.47315 | M145: 10714.602
